t,cohort,eq_lead,eq_rand,eq_btc,gross_lead,gross_rand
1791283851507,2026-10-06,0.9965,0.9974509673718872,1.0,5.0,3.641475183018487
1791284529574,2026-10-06,0.9937397467268008,0.9973590630649516,0.9993504497555488,5.000000000000001,3.639641015789602
1791285426652,2026-10-06,1.004334364385804,0.9991391534536938,1.0014498889385073,5.000000000000001,3.656131504832687
1791286341946,2026-10-06,0.9927844036477734,1.0025120169216206,1.0002435813416692,5.0,3.5797358662351946
1791287234436,2026-10-06,0.9987173402834832,1.0009828975738928,1.0012759022658866,4.999999999999999,3.6433929257378894
1791288131689,2026-10-06,1.0051440719457776,1.00224479500818,1.0007075458019918,4.999999999999997,3.650812133442819
1791289068024,2026-10-06,0.9935197417177186,1.0107005127301931,1.0005683564638952,5.0,3.612356724109482
1791289934575,2026-10-06,0.9817932487046446,1.0097455305053098,0.99952443642817,5.000000000000004,3.608120115107741
1791290834262,2026-10-06,0.9904165137400888,1.0085584470442917,0.999744819546823,4.999999999999999,3.648292484604735
1791291735285,2026-10-06,0.9916138307572844,1.0135946337253088,0.9998956079964278,5.000000000000003,3.657186702426332
1791292637155,2026-10-06,0.9790744041689624,1.008330700794712,0.9982137368277594,5.000000000000003,3.545463229027508
1791293540178,2026-10-06,0.9968839850772804,1.0135942503827078,0.9999652026654764,4.999999999999998,3.5621212121018
1791294444518,2026-10-06,0.987427920364543,1.0150298313602233,1.0015890782766046,5.000000000000001,3.513282344393146
1791295253793,2026-10-06,0.9846071496538272,1.015371076679263,1.0013918933809676,4.999999999999999,3.49397465932941
1791296253538,2026-10-06,0.9652989181987532,1.0099040690546326,0.9982137368277596,5.0,3.4873919365550923
1791297132283,2026-10-06,0.9618338039992232,1.009753575568264,0.9973554025761632,5.0,3.461043933034795
1791298042496,2026-10-06,0.9917257718102002,1.0140354521274326,1.0004639644603228,5.000000000000002,3.483860549083178
1791298948787,2026-10-06,1.0017955200735535,1.01736285483761,1.0044888561536192,4.999999999999997,3.4711139518698224
1791299840020,2026-10-06,0.9989080256044938,1.013554421928053,1.0049296223909254,5.000000000000002,3.460965367459792
1791300799903,2026-10-06,0.9901018460133968,1.0102718237044392,1.001461488050016,5.000000000000001,3.491985953459107
