ts,rank,symbol,score,grade,chance_of_profit,risk_unit,price_at_idea,universe_size,status,outcome,net_ret,hours,baseline_ret,style,chance_beats_market
2026-10-02 00:00:00+00:00,1,SYNUSDT,7.2,Strong,0.551,0.1086665779883867,0.18496,59,closed,time_limit,-0.06291755031378488,24.0,-0.01315193708550789,day,
2026-10-02 00:00:00+00:00,2,JASMYUSDT,5.8,Moderate,0.485,0.0955226408603877,0.00568,59,closed,safety_exit,-0.09752264086038775,18.0,-0.01315193708550789,day,
2026-10-02 00:00:00+00:00,3,MEGAUSDT,5.3,Weak,0.433,0.12,0.05397,59,closed,safety_exit,-0.122,8.0,-0.01315193708550789,day,
2026-10-02 00:00:00+00:00,4,QNTUSDT,4.9,Avoid - watch only,0.416,0.12,248.93,59,closed,time_limit,0.019044176706827454,24.0,-0.01315193708550789,day,
2026-10-02 00:00:00+00:00,5,MOVRUSDT,4.7,Avoid - watch only,0.409,0.12,2.982,59,closed,safety_exit,-0.122,3.0,-0.01315193708550789,day,
2026-10-02 01:00:00+00:00,1,SYNUSDT,8.3,Strong,0.611,0.1067960804663996,0.18706,59,closed,time_limit,-0.04501995826421956,24.0,-0.019113000133347293,day,
2026-10-02 01:00:00+00:00,2,ALICEUSDT,7.2,Strong,0.519,0.12,0.1981,59,closed,safety_exit,-0.122,5.0,-0.019113000133347293,day,
2026-10-02 01:00:00+00:00,3,MEGAUSDT,6.9,Strong,0.503,0.12,0.05389,59,closed,safety_exit,-0.122,7.0,-0.019113000133347293,day,
2026-10-02 01:00:00+00:00,4,JASMYUSDT,6.9,Strong,0.533,0.0943294118267934,0.00562,59,closed,time_limit,-0.05716014234875455,24.0,-0.019113000133347293,day,
2026-10-02 01:00:00+00:00,5,HEIUSDT,5.9,Moderate,0.49,0.0951152699553494,0.1489,59,closed,time_limit,-0.0456241610738255,24.0,-0.019113000133347293,day,
2026-10-02 02:00:00+00:00,1,SYNUSDT,8.8,Strong,0.658,0.1054868848986185,0.18494,59,closed,time_limit,-0.02226807912658091,24.0,-0.02571831093792957,day,
2026-10-02 02:00:00+00:00,2,ALICEUSDT,7.6,Strong,0.539,0.12,0.1957,59,closed,safety_exit,-0.122,4.0,-0.02571831093792957,day,
2026-10-02 02:00:00+00:00,3,JASMYUSDT,7.6,Strong,0.57,0.092412747287156,0.00564,59,closed,time_limit,-0.07469503546099288,24.0,-0.02571831093792957,day,
2026-10-02 02:00:00+00:00,4,QNTUSDT,7.4,Strong,0.528,0.12,251.69,59,closed,time_limit,0.012659727464145345,24.0,-0.02571831093792957,day,
2026-10-02 02:00:00+00:00,5,MOVRUSDT,6.5,Moderate,0.483,0.12,2.871,59,closed,safety_exit,-0.122,3.0,-0.02571831093792957,day,
2026-10-03 19:45:00+00:00,1,PUMPUSDT,5.7,Moderate,,0.0304823645496986,0.006291,60,open,,,,,quick,0.571
2026-10-03 19:45:00+00:00,2,ONEUSDT,5.4,Weak,,0.0379415098586294,0.002664,60,open,,,,,quick,0.541
2026-10-03 19:45:00+00:00,3,MOVRUSDT,5.2,Weak,,0.0457790160655521,1.996,60,open,,,,,quick,0.52
2026-10-03 19:45:00+00:00,4,SUPERUSDT,4.9,Avoid - watch only,,0.0241119734628454,0.261,60,open,,,,,quick,0.54
2026-10-03 19:45:00+00:00,5,STRKUSDT,4.6,Avoid - watch only,,0.0311630648610109,0.05066,60,open,,,,,quick,0.5
2026-10-03 19:30:00+00:00,1,ONEUSDT,7.9,Strong,,0.08,0.002685,60,open,,,,,short,0.676
2026-10-03 19:30:00+00:00,2,STRKUSDT,6.6,Strong,,0.0562375796596478,0.05074,60,open,,,,,short,0.588
2026-10-03 19:30:00+00:00,3,PUMPUSDT,5.7,Moderate,,0.0514578973948353,0.006317,60,open,,,,,short,0.536
2026-10-03 19:30:00+00:00,4,GLMRUSDT,5.3,Weak,,0.08,0.013747,60,open,,,,,short,0.497
2026-10-03 19:30:00+00:00,5,ZROUSDT,5.2,Weak,,0.0482623300424148,2.082,60,open,,,,,short,0.507
2026-10-03 20:20:00+00:00,1,PUMPUSDT,5.7,Moderate,,0.0268656473871977,0.006318,60,open,,,,,quick,0.576
2026-10-03 20:20:00+00:00,2,ONEUSDT,5.0,Avoid - watch only,,0.0339172860020086,0.00263,60,open,,,,,quick,0.519
2026-10-03 20:20:00+00:00,3,MOVRUSDT,4.8,Avoid - watch only,,0.0413514008219703,1.989,60,open,,,,,quick,0.499
2026-10-03 20:20:00+00:00,4,SUPERUSDT,4.8,Avoid - watch only,,0.0247413607650724,0.2652,60,open,,,,,quick,0.528
2026-10-03 20:20:00+00:00,5,STRKUSDT,4.5,Avoid - watch only,,0.0293277171668314,0.05066,60,open,,,,,quick,0.498
2026-10-03 20:00:00+00:00,1,ONEUSDT,6.4,Moderate,,0.0779279304286801,0.002635,60,open,,,,,short,0.564
2026-10-03 20:00:00+00:00,2,STRKUSDT,6.3,Moderate,,0.0552042250150134,0.05105,60,open,,,,,short,0.566
2026-10-03 20:00:00+00:00,3,PUMPUSDT,5.5,Weak,,0.0500663992909016,0.006299,60,open,,,,,short,0.524
2026-10-03 20:00:00+00:00,4,SUPERUSDT,5.2,Weak,,0.0486531616534316,0.2663,60,open,,,,,short,0.506
2026-10-03 20:00:00+00:00,5,MOVRUSDT,5.1,Weak,,0.08,2.02,60,open,,,,,short,0.489
2026-10-03 19:00:00+00:00,1,STRKUSDT,6.4,Moderate,,0.1179000978151206,0.05142,60,open,,,,,day,0.565
2026-10-03 19:00:00+00:00,2,SUPERUSDT,6.0,Moderate,,0.0864451224412923,0.2641,60,open,,,,,day,0.511
2026-10-03 19:00:00+00:00,3,2ZUSDT,5.9,Moderate,,0.095915004529415,0.04551,60,open,,,,,day,0.544
2026-10-03 19:00:00+00:00,4,ATUSDT,5.7,Moderate,,0.12,0.1247,60,open,,,,,day,0.531
2026-10-03 19:00:00+00:00,5,PUMPUSDT,5.1,Weak,,0.12,0.00627,60,open,,,,,day,0.458
