ts,style,rank,symbol,score,grade,chance_beats_market,risk_unit,price_at_idea,universe_size,status,outcome,net_ret,hours,baseline_ret,tp_pct,sl_pct,pre_ret,vol_surge,integrity_penalty,failed_checks
2023-02-27 08:55:00+00:00,quick,1,AIONUSDT,5.0,Weak,0.565,0.05,0.00943,159,open,,,,,0.1,-0.0499999999999999,-0.0901876634080505,1.0326432133563954,0.03,none
2023-04-18 02:55:00+00:00,quick,2,AUTOUSDT,4.8,Avoid - watch only,0.578,0.0295627523112958,95.3,159,open,,,,,0.0591255046225915,-0.0295627523112957,-0.0689229145104626,1.6433147331022822,0.03,none
2024-11-06 02:55:00+00:00,quick,3,OOKIUSDT,4.1,Avoid - watch only,0.511,0.05,0.000119,159,open,,,,,0.1,-0.05,-0.264301623807718,1.1355046071028456,0.03,none
2026-03-02 02:55:00+00:00,quick,4,OMUSDT,3.9,Avoid - watch only,0.507,0.0388181361332792,0.0669,159,open,,,,,0.0776362722665584,-0.0388181361332791,-0.0452962749151764,1.6976974341404203,0.03,none
2024-11-06 02:55:00+00:00,quick,5,UNFIUSDT,3.9,Avoid - watch only,0.494,0.05,1.341,159,open,,,,,0.1,-0.05,-0.0074294546785203,1.1843167010925697,0.03,none
2022-10-24 08:55:00+00:00,quick,6,NBSUSDT,3.7,Avoid - watch only,0.488,0.05,0.00166,159,open,,,,,0.1,-0.0500000000000001,0.0060423144559624,0.5883689993034937,0.03,none
2024-08-26 02:55:00+00:00,quick,7,CVPUSDT,3.7,Avoid - watch only,0.487,0.05,0.0339,159,open,,,,,0.1,-0.05,-0.37044402041407,0.9690703726629526,0.03,none
2023-04-18 02:55:00+00:00,quick,8,NEBLUSDT,3.6,Avoid - watch only,0.485,0.0441231209276496,0.355,159,open,,,,,0.0882462418552993,-0.0441231209276496,-0.1317692776311234,1.2007894175872438,0.03,none
2026-08-17 02:55:00+00:00,quick,9,PIVXUSDT,3.4,Avoid - watch only,0.51,0.05,0.0097,159,open,,,,,0.1,-0.0500000000000001,0.063851471986533,0.749884703598338,0.08,whale
2023-12-07 02:55:00+00:00,quick,10,WTCUSDT,3.2,Avoid - watch only,0.456,0.05,0.0103,159,open,,,,,0.1,-0.0499999999999999,-0.8624392370635658,0.2776378487595836,0.03,none
2024-11-06 02:45:00+00:00,short,1,KP3RUSDT,4.7,Avoid - watch only,0.603,0.0605983461077588,16.48,159,open,,,,,0.1211966922155176,-0.0605983461077588,-0.0369309390272887,1.244994917370309,0.03,none
2026-04-01 02:45:00+00:00,short,2,SXPUSDT,4.0,Avoid - watch only,0.559,0.08,0.0022,159,open,,,,,0.1599999999999999,-0.0799999999999999,-0.3746934494414109,1.3955316982324684,0.03,none
2023-04-18 02:45:00+00:00,short,3,AUTOUSDT,4.0,Avoid - watch only,0.591,0.0316395626613266,95.3,159,open,,,,,0.0632791253226532,-0.0316395626613266,-0.0969305394973663,1.051999904870965,0.03,none
2026-01-13 02:45:00+00:00,short,4,FXSUSDT,3.5,Avoid - watch only,0.537,0.0528950723845515,0.812,159,open,,,,,0.1057901447691029,-0.0528950723845514,-0.0170944333593,0.1573499241210587,0.03,none
2022-10-24 08:45:00+00:00,short,5,NBSUSDT,3.1,Avoid - watch only,0.503,0.08,0.00166,159,open,,,,,0.1599999999999999,-0.0799999999999999,-0.0119761910467151,0.9953514467100628,0.03,none
2026-10-05 18:00:00+00:00,short,6,BMNRBUSDT,3.0,Avoid - watch only,0.582,0.015795300829283,26.59,159,closed,time_limit,0.0077744360902254,4.0,0.0127084669682681,0.031590601658566,-0.015795300829283,-0.009730615699945,2.059837437953502,0.03,none
2023-04-18 02:45:00+00:00,short,7,NEBLUSDT,3.0,Avoid - watch only,0.493,0.08,0.355,159,open,,,,,0.1599999999999999,-0.0799999999999999,-0.1218436378311534,1.0024854168978383,0.03,none
2025-02-24 02:45:00+00:00,short,8,AMBUSDT,2.8,Avoid - watch only,0.568,0.08,0.00032,159,open,,,,,0.1599999999999999,-0.0799999999999999,-0.2719337154836418,0.6455329284101653,0.13,engineered
2026-10-05 18:00:00+00:00,short,9,QIUSDT,2.7,Avoid - watch only,0.552,0.0263894850909389,0.002862,159,closed,time_limit,0.0053452256033579,4.0,0.0127084669682681,0.0527789701818779,-0.026389485090939,-0.0162886983788048,0.339546196813852,0.0724,thin_book
2026-10-05 18:00:00+00:00,short,10,ACTUSDT,2.7,Avoid - watch only,0.529,0.0256142216839429,0.01097,159,closed,time_limit,0.0180546946216955,4.0,0.0127084669682681,0.0512284433678857,-0.0256142216839427,-0.0108795270751365,1.2348198787449596,0.0424,thin_book
2024-11-06 02:00:00+00:00,day,1,KP3RUSDT,7.3,Strong,0.636,0.1111887004255072,16.48,159,open,,,,,0.2223774008510144,-0.1111887004255072,-0.2168128751918723,0.5409442381956383,0.03,none
2022-11-28 02:00:00+00:00,day,2,BTCSTUSDT,6.9,Strong,0.616,0.0798459085020777,5.35,159,open,,,,,0.1596918170041554,-0.0798459085020777,-0.0510128812436838,0.7176979388838912,0.03,none
2026-10-05 17:00:00+00:00,day,3,QIUSDT,6.7,Strong,0.632,0.0947553118462151,0.002837,159,closed,time_limit,0.0237314064152271,24.0,0.0031362064946203,0.1895106236924304,-0.0947553118462152,-0.0205833186967554,0.3805344130208792,0.0724,thin_book
2026-09-03 02:00:00+00:00,day,4,STORJUSDT,6.6,Strong,0.57,0.0796679954018688,0.0298,159,open,,,,,0.1593359908037377,-0.0796679954018688,-0.0743476366246111,1.8043002546087508,0.0,none
2023-04-18 02:00:00+00:00,day,5,AUTOUSDT,6.5,Strong,0.584,0.12,95.3,159,open,,,,,0.24,-0.1199999999999998,-0.1614690606349373,0.2540036470980047,0.03,none
2025-07-04 02:00:00+00:00,day,6,LEVERUSDT,6.4,Moderate,0.578,0.12,0.000175,159,open,,,,,0.24,-0.12,-0.5289461648791871,0.3697416785110388,0.03,none
2026-10-05 17:00:00+00:00,day,7,DEXEUSDT,6.1,Moderate,0.58,0.0275956996773026,1.865,159,closed,time_limit,0.0060385852090032,24.0,0.0031362064946203,0.0551913993546053,-0.0275956996773026,-0.0164853507370511,0.3941318564487197,0.0,none
2024-11-06 02:00:00+00:00,day,8,UNFIUSDT,5.9,Moderate,0.553,0.0909030893172073,1.341,159,open,,,,,0.1818061786344147,-0.0909030893172072,-0.0530069631748394,0.4273084565443625,0.03,none
2025-07-04 02:00:00+00:00,day,9,ALPHAUSDT,5.6,Moderate,0.613,0.1025138515006485,0.0097,159,open,,,,,0.205027703001297,-0.1025138515006485,-0.2293100662298739,0.8101540371045728,0.13,engineered
2025-07-04 02:00:00+00:00,day,10,BSWUSDT,5.5,Weak,0.528,0.12,0.0112,159,open,,,,,0.24,-0.12,-0.4113998436279793,0.6534530658887947,0.03,none
2026-10-05 18:15:00+00:00,short,6,C98USDT,3.4,Avoid - watch only,0.52,0.0379277938159305,0.01783,159,closed,safety_exit,-0.0399277938159303,0.5,0.0153988890679632,0.0758555876318611,-0.0379277938159304,0.0678717951363516,3.715277126400095,0.0,none
2023-11-20 02:45:00+00:00,short,9,TOMOUSDT,2.7,Avoid - watch only,0.483,0.05894224602424,1.3819,159,open,,,,,0.11788449204848,-0.05894224602424,0.105851104011769,2.9498593423886343,0.03,none
2026-10-05 18:15:00+00:00,short,10,BMNRBUSDT,2.7,Avoid - watch only,0.563,0.0156818596294524,26.67,159,closed,time_limit,0.0043718140929536,4.0,0.0114562431556307,0.0313637192589049,-0.0156818596294524,-0.0048625493228882,2.0439131658369365,0.03,none
2026-10-05 21:30:00+00:00,short,4,STGUSDT,3.1,Avoid - watch only,0.545,0.0327093822889476,0.1801,157,closed,time_limit,0.0007777777777777,4.0,-0.0108536187241664,0.0654187645778954,-0.0377345918933926,0.01454164326644,2.515968760309508,0.0424,thin_book
2026-10-05 21:30:00+00:00,short,6,AIUSDT,3.1,Avoid - watch only,0.508,0.08,0.0212,157,closed,time_limit,-0.0161509433962264,4.0,-0.0108536187241664,0.1599999999999999,-0.0799999999999999,0.0433802956302251,2.96349703505025,0.0424,thin_book
2026-10-05 21:30:00+00:00,short,8,ACHUSDT,3.0,Avoid - watch only,0.538,0.0184457142540098,0.00616,157,closed,time_limit,-0.0101300813008129,4.0,-0.0108536187241664,0.0368914285080197,-0.0230571428175123,0.0081500043619247,1.731478463873206,0.0,none
2025-07-28 02:45:00+00:00,short,10,LOKAUSDT,2.6,Avoid - watch only,0.484,0.0453334261826898,0.1237,157,open,,,,,0.0906668523653797,-0.0453334261826898,0.0353800784399407,2.1254584268237062,0.03,none
2026-10-05 20:00:00+00:00,day,5,DEXEUSDT,6.0,Moderate,0.577,0.0261208782228879,1.873,157,closed,time_limit,-0.0014660971703148,24.0,-0.0139075013932961,0.052241756445776,-0.026120878222888,-0.0122049803708785,0.4005427230776996,0.0,none
2026-10-05 20:00:00+00:00,day,9,QIUSDT,4.7,Avoid - watch only,0.57,0.0898149821847963,0.002858,157,closed,time_limit,0.0312400279916025,24.0,-0.0139075013932961,0.1796299643695926,-0.0898149821847963,-0.0330381046015126,0.3748404627768079,0.13,engineered
2026-05-27 02:00:00+00:00,day,10,ATAUSDT,4.6,Avoid - watch only,0.576,0.12,0.0012,157,open,,,,,0.24,-0.12,-0.7731898882334818,1.4837016449799492,0.15,venues
2026-10-05 22:15:00+00:00,short,4,STGUSDT,3.3,Avoid - watch only,0.558,0.031168008436125,0.1809,157,closed,safety_exit,-0.0331680084361251,2.5,-0.014121996002579,0.0623360168722502,-0.0311680084361251,0.0223597912355097,1.2455728107829556,0.0424,thin_book
2026-10-05 22:15:00+00:00,short,5,DUSKUSDT,3.1,Avoid - watch only,0.552,0.0181487718635382,0.0852,157,closed,time_limit,-0.0160845070422533,4.0,-0.0127003625988951,0.0362975437270765,-0.0181487718635383,0.0273663716940206,1.1521519373503806,0.0,none
2026-10-05 22:15:00+00:00,short,7,MITOUSDT,3.1,Avoid - watch only,0.513,0.0279060827674188,0.01639,157,closed,time_limit,-0.0203038438071994,4.0,-0.0127003625988951,0.0558121655348375,-0.0279060827674189,0.033501892432449,1.6595674892279386,0.0,none
2026-10-05 22:15:00+00:00,short,10,C98USDT,2.7,Avoid - watch only,0.509,0.0365174955885158,0.01738,157,closed,time_limit,-0.0215627157652473,4.0,-0.0127003625988951,0.0730349911770318,-0.036517495588516,0.0501432080043136,4.115998802869363,0.0424,thin_book
2026-10-05 21:00:00+00:00,day,6,DEXEUSDT,5.8,Moderate,0.568,0.0255952415063918,1.874,157,closed,time_limit,-0.0052017075773745,24.0,-0.0157594780368269,0.0511904830127836,-0.0255952415063918,-0.0090306058600899,0.3928456109714374,0.0,none
2026-10-05 21:00:00+00:00,day,8,RESOLVUSDT,5.6,Moderate,0.544,0.0919123756318081,0.01927,157,closed,time_limit,0.142634525660964,24.0,-0.0157594780368269,0.1838247512636162,-0.0919123756318079,0.0278892056159985,0.4416520262198611,0.0424,thin_book
2026-09-03 02:55:00+00:00,quick,10,STORJUSDT,2.5,Avoid - watch only,0.483,0.0309634014511658,0.0298,158,open,,,,,0.0619268029023318,-0.0309634014511659,0.0272125635248849,0.5741229766520415,0.1,impact
2026-10-05 23:15:00+00:00,short,4,LUNAUSDT,3.3,Avoid - watch only,0.639,0.01,0.0515,158,closed,safety_exit,-0.012,2.0,-0.0144803960417326,0.02,-0.01,0.0136854530852539,0.6044131935365854,0.0,none
2026-02-13 02:45:00+00:00,short,7,ACAUSDT,2.6,Avoid - watch only,0.571,0.08,0.0018,158,open,,,,,0.1600000000000001,-0.08,-0.4418327522790397,1.0681352477411192,0.15,venues
2025-07-04 02:45:00+00:00,short,9,LEVERUSDT,2.3,Avoid - watch only,0.531,0.08,0.000175,158,open,,,,,0.1599999999999999,-0.0799999999999999,-0.3606669652082708,1.7974247689001277,0.13,engineered
2026-08-17 02:45:00+00:00,short,10,PYRUSDT,2.2,Avoid - watch only,0.536,0.08,0.021,158,open,,,,,0.1599999999999999,-0.08,-0.2876820724517808,1.7642387587938142,0.15,venues
2026-10-05 22:00:00+00:00,day,8,RESOLVUSDT,5.4,Weak,0.534,0.0900308863300377,0.0193,158,closed,time_limit,0.1419668565510097,24.0,-0.0162805178865724,0.1800617726600755,-0.0900308863300378,0.024122826762623,0.4392663959125999,0.0424,thin_book
2022-11-28 02:00:00+00:00,day,9,GTOUSDT,5.4,Weak,0.526,0.0815326584129374,0.01233,158,open,,,,,0.1630653168258748,-0.0815326584129374,-0.0295666762882929,0.4831083982491195,0.03,none
2026-10-06 00:15:00+00:00,short,6,TOWNSUSDT,3.0,Avoid - watch only,0.583,0.0170571405866314,0.002118,159,closed,safety_exit,-0.0190571405866314,3.25,-0.0158939314310886,0.0341142811732628,-0.0170571405866314,0.0056818334674311,0.1585156496453572,0.0424,thin_book
2026-10-05 23:00:00+00:00,day,6,BERAUSDT,5.7,Moderate,0.541,0.0371821491493773,0.2369,159,closed,time_limit,0.0022247570764681,24.0,-0.0142017262016181,0.0743642982987546,-0.0371821491493773,0.0418074243177435,0.3704639645676309,0.0,none
2026-10-06 00:30:00+00:00,short,5,TOWNSUSDT,3.0,Avoid - watch only,0.585,0.0169989972902839,0.002108,160,closed,safety_exit,-0.0189989972902839,3.0,-0.0153720209544063,0.0339979945805679,-0.016998997290284,-0.0117898088100973,0.1604331308581301,0.0424,thin_book
2026-10-06 00:30:00+00:00,short,7,PORTALUSDT,3.0,Avoid - watch only,0.524,0.0222266321123588,0.01802,160,closed,time_limit,-0.0092142064372919,4.0,-0.0123495658130434,0.0444532642247177,-0.0222266321123588,0.0105998203051429,0.465054257886352,0.0,none
2026-08-17 02:00:00+00:00,day,10,VICUSDT,4.5,Avoid - watch only,0.571,0.12,0.0077,158,open,,,,,0.24,-0.12,-0.5614693565847455,1.1118154156186058,0.15,venues
2022-12-27 02:55:00+00:00,quick,9,MIRUSDT,4.0,Avoid - watch only,0.514,0.0358982183339499,0.14168,175,open,,,,,0.0717964366678998,-0.0358982183339497,-0.0451266630486344,0.3008163548266888,0.03,none
2025-09-17 02:55:00+00:00,quick,10,HIFIUSDT,3.8,Avoid - watch only,0.488,0.05,0.127,175,open,,,,,0.1,-0.05,0.065063593347062,0.9863354340797952,0.03,none
2026-10-06 02:45:00+00:00,short,2,STEEMUSDT,4.2,Avoid - watch only,0.599,0.0269283570443426,0.06228,175,closed,time_limit,0.0090825570189527,4.0,0.0032887654939032,0.0538567140886852,-0.0269283570443426,-0.0157709361929954,4.294202758574348,0.1182,engineered
2025-05-02 02:45:00+00:00,short,4,VIBUSDT,4.2,Avoid - watch only,0.484,0.08,0.00223,175,open,,,,,0.1599999999999999,-0.0799999999999999,-1.1720794405499824,0.8851665645664273,0.03,none
2024-08-26 02:45:00+00:00,short,5,CVPUSDT,4.2,Avoid - watch only,0.48,0.08,0.0339,175,open,,,,,0.1599999999999999,-0.0799999999999999,-0.545611739851406,1.4916454535783454,0.03,none
2026-10-06 02:45:00+00:00,short,6,BANDUSDT,4.2,Avoid - watch only,0.5,0.0263254119832273,0.2274,175,closed,take_profit,0.0506508239664547,3.0,0.0002419299996332,0.0526508239664547,-0.0263254119832273,-0.0078844035241487,1.43136790236699,0.0,none
2023-12-07 02:45:00+00:00,short,7,WTCUSDT,4.1,Avoid - watch only,0.477,0.08,0.0103,175,open,,,,,0.1599999999999999,-0.0799999999999999,-1.1146639976786172,0.6798038993853665,0.03,none
2026-10-06 02:45:00+00:00,short,9,AIUSDT,3.5,Avoid - watch only,0.456,0.0560307469595541,0.0208,175,closed,time_limit,0.0269855072463767,4.0,0.0032887654939032,0.1120614939191082,-0.0560307469595541,-0.0190481949706944,0.9087770264088324,0.0417,thin_book
2026-05-27 02:45:00+00:00,short,10,ATAUSDT,2.7,Avoid - watch only,0.491,0.08,0.0012,175,open,,,,,0.1599999999999999,-0.0799999999999999,-0.2231435513142106,0.9766948009321064,0.15,venues
2026-02-13 02:00:00+00:00,day,6,ACAUSDT,3.5,Avoid - watch only,0.6,0.12,0.0018,175,open,,,,,0.24,-0.12,-0.6931471805599454,0.4024044670841142,0.15,venues
2023-12-07 02:00:00+00:00,day,8,WTCUSDT,3.4,Avoid - watch only,0.495,0.12,0.0103,175,open,,,,,0.24,-0.1199999999999998,-1.3211083812351951,0.8270873945766383,0.03,none
2025-05-19 02:00:00+00:00,day,10,STPTUSDT,3.2,Avoid - watch only,0.493,0.0668911378358562,0.07042,175,open,,,,,0.1337688156773646,-0.0668911378358562,0.0,0.7279463048581197,0.03,none
2026-10-06 03:30:00+00:00,short,2,BOMEUSDT,4.5,Avoid - watch only,0.515,0.0272994164728967,0.00094,174,closed,take_profit,0.0525988329457935,3.75,0.0154903896144693,0.0545988329457935,-0.0272994164728967,-0.0809915209103175,1.9405703586323864,0.0,none
2026-10-06 03:30:00+00:00,short,6,MAGICUSDT,4.2,Avoid - watch only,0.492,0.0294458190645758,0.0612,174,closed,time_limit,0.0078360655737705,4.0,0.011394976346603,0.0588916381291517,-0.0294458190645758,-0.0194180858571013,0.8846625258307168,0.0,none
2026-10-06 03:30:00+00:00,short,7,STEEMUSDT,4.1,Avoid - watch only,0.597,0.0254993233917155,0.0621,174,closed,time_limit,0.0231248188114028,4.0,0.011394976346603,0.0509986467834311,-0.0254993233917155,-0.0202445743959924,4.349048283634417,0.1182,engineered
2026-10-06 03:30:00+00:00,short,10,HIVEUSDT,2.7,Avoid - watch only,0.53,0.0191383566606344,0.0574,174,closed,time_limit,0.0119372822299652,4.0,0.011394976346603,0.0382767133212689,-0.0191383566606344,-0.0086730812534288,3.513033807686224,0.1182,engineered
2026-06-19 02:00:00+00:00,day,10,MBOXUSDT,3.2,Avoid - watch only,0.484,0.12,0.0021,174,open,,,,,0.24,-0.12,-0.4519851237430572,1.4681983032584396,0.03,none
2026-10-06 04:30:00+00:00,short,1,PROVEUSDT,5.7,Moderate,0.571,0.0337188482876329,0.2119,172,closed,time_limit,0.0121576215195846,4.0,0.0084174125001708,0.0674376965752658,-0.0337188482876329,-0.0237828882662061,1.95467785254054,0.0,none
2024-08-26 02:45:00+00:00,short,8,VGXUSDT,3.7,Avoid - watch only,0.448,0.08,0.018,172,open,,,,,0.1599999999999999,-0.08,0.0,1.667981477030854,0.03,none
2026-10-06 04:30:00+00:00,short,9,STEEMUSDT,3.6,Avoid - watch only,0.572,0.0240357753210851,0.06256,172,closed,time_limit,0.0109496402877697,4.0,0.0084174125001708,0.0480715506421702,-0.0240357753210851,-0.0153861390413858,4.417838104670473,0.1182,engineered
2026-10-06 04:30:00+00:00,short,10,BOMEUSDT,2.9,Avoid - watch only,0.503,0.0260499125492035,0.000944,172,closed,take_profit,0.050099825098407,2.75,0.0123913975233556,0.052099825098407,-0.0260499125492035,-0.0899026733869314,2.4805534337795527,0.1,impact
2026-10-06 03:00:00+00:00,day,4,DEXEUSDT,4.4,Avoid - watch only,0.578,0.02418102872317,1.842,172,closed,time_limit,0.001800217155266,24.0,-0.0161817341472246,0.0483620574463401,-0.02418102872317,-0.0262538518432052,0.4088306482656828,0.0,none
2026-10-06 03:00:00+00:00,day,5,BOMEUSDT,4.2,Avoid - watch only,0.528,0.0590162338912756,0.0009413,172,closed,take_profit,0.1160324677825512,12.0,0.0672057101961626,0.1180324677825512,-0.0590162338912756,-0.0936379790212651,1.0284568953605773,0.0,none
2026-10-06 03:00:00+00:00,day,8,KITEUSDT,3.8,Avoid - watch only,0.525,0.0379244293307429,0.1392,172,closed,time_limit,-0.0134942528735632,24.0,-0.0161817341472246,0.0754310344827589,-0.037924429330743,-0.041511411989823,0.3421897776643431,0.0,none
2026-10-06 05:30:00+00:00,short,1,PROVEUSDT,5.5,Weak,0.567,0.0315448433433885,0.2125,173,closed,time_limit,0.0069411764705882,4.0,0.001502178646219,0.0630896866867769,-0.0315448433433883,-0.0177243445945414,2.036303004004433,0.0,none
2026-10-06 05:30:00+00:00,short,9,MAGICUSDT,3.5,Avoid - watch only,0.488,0.0288822449135748,0.0609,173,closed,time_limit,0.0143934426229508,4.0,0.001502178646219,0.0577644898271496,-0.0288822449135748,-0.0146701897477936,0.9132110392907788,0.0417,thin_book
2026-10-06 05:30:00+00:00,short,10,HIVEUSDT,3.5,Avoid - watch only,0.52,0.0189428545485638,0.0583,173,closed,time_limit,-0.008861063464837,4.0,0.001502178646219,0.0378857090971278,-0.0210840480274442,0.006884708777497,3.6839746182605686,0.0417,thin_book
2026-10-06 04:00:00+00:00,day,4,DEXEUSDT,4.4,Avoid - watch only,0.582,0.0244682433500829,1.852,173,closed,time_limit,-0.0111792656587473,24.0,-0.0231148409136498,0.0489364867001658,-0.0244682433500829,-0.0155374140949056,0.410336400019181,0.0,none
2026-10-06 06:30:00+00:00,short,9,PROVEUSDT,3.5,Avoid - watch only,0.556,0.0292055652466272,0.2134,172,closed,time_limit,0.017239793524167,4.0,0.0072386367369999,0.0584111304932546,-0.0292055652466273,-0.0088640655026643,2.0113080765042155,0.1182,engineered
2026-10-06 05:00:00+00:00,day,4,DEXEUSDT,4.1,Avoid - watch only,0.564,0.0239680876632548,1.85,172,closed,time_limit,-0.002,24.0,-0.0243747971062591,0.0479361753265097,-0.0239680876632548,-0.0166179112286598,0.4170829875042077,0.0,none
2026-10-06 07:15:00+00:00,short,1,PROVEUSDT,5.1,Weak,0.552,0.0275272324683748,0.214,171,closed,time_limit,0.0115640785781103,4.0,0.00738910913835,0.0550544649367497,-0.0275272324683748,0.0018709079358116,1.9096738364055807,0.0,none
2026-10-06 07:15:00+00:00,short,7,MAGICUSDT,4.1,Avoid - watch only,0.495,0.0255499918550809,0.0613,171,closed,time_limit,0.0159445350734093,4.0,0.00738910913835,0.0510999837101617,-0.0255499918550808,-0.0193867138001899,1.1267486345988904,0.0,none
2022-11-28 02:45:00+00:00,short,10,GTOUSDT,3.5,Avoid - watch only,0.473,0.031269556790241,0.01233,171,open,,,,,0.0625391135804822,-0.0312695567902411,-0.0513743940996915,0.858886174903158,0.03,none
2026-10-06 08:15:00+00:00,short,1,PROVEUSDT,5.1,Weak,0.553,0.0259343636222954,0.2149,169,closed,time_limit,-0.0010714948932217,4.0,0.0026364317348919,0.0518687272445907,-0.0259343636222953,0.0037296080528277,1.7941282586062697,0.0,none
2026-10-06 07:00:00+00:00,day,5,DEXEUSDT,4.0,Avoid - watch only,0.562,0.0235133355367081,1.861,169,closed,time_limit,-0.0030752688172043,24.0,-0.0259890269633576,0.0470266710734164,-0.0235133355367082,-0.0154628514114373,0.3924037338513156,0.0,none
2026-01-13 02:55:00+00:00,quick,7,FXSUSDT,3.7,Avoid - watch only,0.525,0.0225619720953469,0.812,171,open,,,,,0.0447044334975368,-0.0225619720953469,-0.0170944333593,0.4588542316783997,0.03,none
2026-10-06 09:15:00+00:00,short,1,SPELLUSDT,5.1,Weak,0.611,0.0458289587071102,9.89e-05,171,closed,time_limit,-0.0060404040404039,4.0,0.00949602104261,0.0916579174142204,-0.0458289587071102,0.0152830279801783,5.009019118471322,0.0,none
2026-10-06 09:15:00+00:00,short,2,CTSIUSDT,3.9,Avoid - watch only,0.586,0.033922534041065,0.03052,171,closed,time_limit,0.0127734734077478,4.0,0.00949602104261,0.06784506808213,-0.033922534041065,0.0232028970796638,4.316469641862916,0.041,thin_book
2026-10-06 09:15:00+00:00,short,3,MAVUSDT,3.1,Avoid - watch only,0.501,0.033935009180204,0.0121,171,closed,time_limit,-0.0044813895781637,4.0,0.00949602104261,0.0678700183604079,-0.0339350091802039,0.0344716771187183,2.736978829187836,0.0,none
2026-10-06 09:15:00+00:00,short,9,QIUSDT,2.2,Avoid - watch only,0.501,0.0310638426157776,0.002845,171,closed,time_limit,0.004315789473684,4.0,0.00949602104261,0.0621276852315553,-0.0310638426157776,-0.0104896066710198,0.7022126537874082,0.071,thin_book
2026-10-06 08:00:00+00:00,day,3,DEXEUSDT,4.9,Avoid - watch only,0.607,0.0232911658024656,1.867,171,closed,time_limit,-0.0121713062098501,24.0,-0.0287390149828962,0.0465823316049311,-0.0232911658024655,-0.0095949563403885,0.3928052023152489,0.0,none
2026-10-06 08:00:00+00:00,day,6,RESOLVUSDT,4.3,Avoid - watch only,0.528,0.0778308417748221,0.0195,171,closed,take_profit,0.1536616835496442,16.0,-0.0069223088458158,0.1556616835496442,-0.0778308417748221,-0.0025608208616736,0.2896075906456545,0.0,none
2026-10-06 08:00:00+00:00,day,9,HEIUSDT,3.7,Avoid - watch only,0.566,0.0262299498672169,0.136,171,closed,safety_exit,-0.0282299498672168,18.0,-0.0309135596669831,0.0524598997344338,-0.0262299498672169,-0.0225382131933451,0.3304157759491957,0.041,thin_book
2026-10-06 10:30:00+00:00,short,1,SPELLUSDT,4.5,Avoid - watch only,0.617,0.041562192013164,9.95e-05,169,closed,time_limit,-0.0150784708249497,4.0,-0.0013254880990642,0.0831243840263282,-0.0415621920131641,0.0213314335160585,5.446038144230204,0.041,thin_book
2026-10-06 10:30:00+00:00,short,2,CTSIUSDT,3.1,Avoid - watch only,0.535,0.0356363827880327,0.03148,169,closed,time_limit,-0.0099365079365079,4.0,-0.0013254880990642,0.0712727655760654,-0.0356363827880327,0.0498230989877441,4.555117774427795,0.041,thin_book
2026-10-06 10:30:00+00:00,short,3,IOTXUSDT,3.0,Avoid - watch only,0.529,0.0366505152136152,0.003775,169,closed,time_limit,0.032784917684546,4.0,-0.0013254880990642,0.0733010304272305,-0.0366505152136152,0.0494128745696063,3.5420093359862967,0.041,thin_book
2026-10-06 10:30:00+00:00,short,4,MAVUSDT,3.0,Avoid - watch only,0.501,0.031390987094488,0.01219,169,closed,time_limit,-0.009377049180328,4.0,-0.0013254880990642,0.0627819741889761,-0.0313909870944881,0.0435944971947162,2.9697580803364985,0.0,none
2026-10-06 10:30:00+00:00,short,6,QIUSDT,2.6,Avoid - watch only,0.505,0.0288905645797879,0.002861,169,closed,time_limit,0.0070877315623907,4.0,-0.0013254880990642,0.0577811291595757,-0.0288905645797878,-0.0121592604554967,0.6915479927602858,0.03,none
2026-10-06 09:00:00+00:00,day,5,JASMYUSDT,3.9,Avoid - watch only,0.528,0.0354232954637654,0.00523,169,closed,safety_exit,-0.0374232954637654,16.0,-0.0306991600217124,0.0708465909275308,-0.0354232954637654,-0.0282770960968612,0.3337753766920704,0.0,none
2023-02-27 08:00:00+00:00,day,8,AIONUSDT,3.5,Avoid - watch only,0.5,0.12,0.00943,169,open,,,,,0.24,-0.12,-0.4594765149057327,1.041285222511801,0.03,none
2026-10-06 09:00:00+00:00,day,10,DEXEUSDT,2.7,Avoid - watch only,0.578,0.0230535300534325,1.873,169,closed,time_limit,-0.019103153393907,24.0,-0.028279787758988,0.0461070601068651,-0.0230535300534325,-0.0047936177012364,0.3993803756174137,0.1214,engineered
2025-09-17 02:55:00+00:00,quick,9,BAKEUSDT,4.4,Avoid - watch only,0.469,0.05,0.0519,169,open,,,,,0.1,-0.05,0.1013011147196096,1.598279327303223,0.03,none
2026-10-06 11:15:00+00:00,short,6,SPELLUSDT,3.6,Avoid - watch only,0.614,0.0392010308506377,9.9e-05,169,closed,time_limit,-0.0040202020202019,4.0,-0.0031762738692017,0.0784020617012755,-0.0432828282828281,0.008113634774169,5.510864394175608,0.041,thin_book
2024-11-06 02:45:00+00:00,short,7,OOKIUSDT,3.6,Avoid - watch only,0.436,0.08,0.000119,169,open,,,,,0.1599999999999999,-0.0799999999999999,-0.4835666957933568,1.2540030320654398,0.03,none
2026-10-06 10:00:00+00:00,day,4,NOMUSDT,6.4,Moderate,0.57,0.0674660434130158,0.002433,169,closed,safety_exit,-0.0694660434130156,16.0,-0.033998970606551,0.1349320868260317,-0.0674660434130157,-0.0163069247378935,0.2087928139909944,0.0,none
2025-07-04 02:00:00+00:00,day,9,LTOUSDT,5.1,Weak,0.47,0.12,0.0038,169,open,,,,,0.24,-0.12,-0.7812544480702126,1.06223774094252,0.03,none
2023-02-27 08:45:00+00:00,short,8,AIONUSDT,3.6,Avoid - watch only,0.434,0.08,0.00943,169,open,,,,,0.1599999999999999,-0.0799999999999998,-0.064671068026227,1.2462184688549385,0.03,none
2026-10-06 11:00:00+00:00,day,5,NOMUSDT,6.2,Moderate,0.556,0.0677644431077534,0.002395,169,closed,safety_exit,-0.0697644431077534,15.0,-0.0343655940656379,0.1355288862155068,-0.0677644431077534,-0.0324530431074174,0.1970210672276379,0.0,none
2026-10-06 13:15:00+00:00,short,9,SPELLUSDT,3.1,Avoid - watch only,0.622,0.0335904403046534,9.86e-05,167,closed,time_limit,-0.0060567951318457,4.0,-0.0085529221548326,0.0671808806093068,-0.0335904403046534,-0.0100909029819629,5.397066873175454,0.1624,thin_book|engineered
2026-10-06 12:00:00+00:00,day,8,RESOLVUSDT,5.6,Moderate,0.514,0.0726664456965474,0.02,167,closed,time_limit,-0.0354999999999999,24.0,-0.0363867807834855,0.1453328913930949,-0.075214,0.0345914447696191,0.3257421223432509,0.0,none
2026-10-06 14:15:00+00:00,short,9,SPELLUSDT,2.7,Avoid - watch only,0.607,0.0313022046433243,9.82e-05,161,closed,time_limit,3.665987780055065e-05,4.0,-0.0060330160954711,0.0626044092866486,-0.035488798370672,-0.0171634702940881,5.324572960585511,0.1624,thin_book|engineered
2026-10-06 13:00:00+00:00,day,5,RESOLVUSDT,6.0,Moderate,0.548,0.0724534481558196,0.02031,161,closed,time_limit,-0.0472533202164289,24.0,-0.0385276000764626,0.1449068963116393,-0.0724534481558197,0.0719514535266965,0.3696560789227163,0.0,none
2025-05-02 02:45:00+00:00,short,9,PDAUSDT,3.3,Avoid - watch only,0.421,0.08,0.00977,161,open,,,,,0.1599999999999999,-0.0815762538382801,-0.1030035949582073,0.6368514333672732,0.03,none
2026-10-06 14:00:00+00:00,day,5,RESOLVUSDT,6.1,Moderate,0.554,0.0712910713101493,0.02021,161,closed,time_limit,-0.039073652990608,24.0,-0.0393079971572221,0.1425821426202986,-0.0712910713101492,0.0733850576354129,0.4208010447942492,0.0,none
2026-10-06 15:00:00+00:00,day,10,AIUSDT,4.5,Avoid - watch only,0.482,0.0922350591185508,0.0213,162,closed,time_limit,-0.0774716981132075,24.0,-0.038103942156661,0.1844701182371015,-0.0922350591185507,0.0480861866676378,1.2866581839578557,0.041,thin_book
2026-10-06 16:00:00+00:00,day,8,NOMUSDT,6.4,Moderate,0.541,0.066793249475132,0.00232,159,closed,safety_exit,-0.0687932494751321,10.0,-0.0350682200433811,0.1335864989502642,-0.0667932494751321,-0.04054609439435,0.1842983300268537,0.0,none
2026-10-06 17:00:00+00:00,day,8,NOMUSDT,6.4,Moderate,0.542,0.0659503303094193,0.002335,160,closed,safety_exit,-0.0679503303094192,9.0,-0.0358605345114346,0.1319006606188386,-0.0659503303094192,-0.0303692676800739,0.1840218582368211,0.0,none
2026-10-06 18:00:00+00:00,day,8,NOMUSDT,5.9,Moderate,0.534,0.0651910609905537,0.002352,159,closed,safety_exit,-0.0671910609905536,8.0,-0.035142586262723,0.1303821219811074,-0.0651910609905536,-0.0093102661510959,0.1773347738096773,0.0,none
2026-08-17 02:00:00+00:00,day,10,PYRUSDT,4.7,Avoid - watch only,0.515,0.12,0.021,157,open,,,,,0.24,-0.1200000000000001,-0.8266785731844677,1.3377446021882398,0.15,venues
2024-08-26 02:00:00+00:00,day,9,CVPUSDT,5.5,Weak,0.46,0.12,0.0339,157,open,,,,,0.24,-0.12,-0.9819348363194758,1.2771094254266642,0.03,none
2026-10-06 21:00:00+00:00,day,6,NOMUSDT,6.1,Moderate,0.555,0.0632648205296318,0.002349,157,closed,safety_exit,-0.0652648205296319,5.0,-0.0370426723415706,0.1265296410592638,-0.0632648205296319,-0.0264665731881637,0.1787717449373566,0.0,none
2025-05-02 02:55:00+00:00,quick,8,PDAUSDT,4.4,Avoid - watch only,0.428,0.05,0.00977,162,open,,,,,0.1,-0.0500000000000001,-0.0232686269393544,0.7133695466653549,0.03,none
2026-06-19 02:55:00+00:00,quick,9,MBOXUSDT,4.4,Avoid - watch only,0.427,0.05,0.0021,162,open,,,,,0.1,-0.05,-0.0465200156348935,1.4010416353970243,0.03,none
2022-10-24 08:55:00+00:00,quick,10,BTGUSDT,3.2,Avoid - watch only,0.511,0.040948311275529,17.65,162,open,,,,,0.081896622551058,-0.040948311275529,-0.0062129541847184,2.322555969354863,0.15,venues
2026-10-07 02:45:00+00:00,short,1,QUICKUSDT,8.7,Strong,0.65,0.0753852923714738,0.0105,162,closed,time_limit,-0.0181904761904762,4.0,-0.0028636898818305,0.1507705847429477,-0.0753852923714738,-0.1647070100929726,2.733313207858597,0.0631,thin_book
2026-10-07 02:45:00+00:00,short,2,ENJUSDT,7.7,Strong,0.592,0.0624118101240317,0.03032,162,closed,time_limit,0.0174591029023747,4.0,-0.0028636898818305,0.1248236202480634,-0.0624118101240317,-0.0825765356141019,2.875815818367892,0.0631,thin_book
2026-10-07 02:45:00+00:00,short,5,DYMUSDT,6.8,Strong,0.66,0.0361362282939705,0.01783,162,closed,time_limit,0.008095344924285,4.0,-0.0028636898818305,0.0722724565879411,-0.0361362282939705,-0.0807758613451907,2.431236810752369,0.0631,thin_book
2023-01-26 08:45:00+00:00,short,9,BEAMUSDT,6.4,Moderate,0.462,0.0674731698378367,0.0652,162,open,,,,,0.1349463396756733,-0.0674731698378366,-0.0106789725758544,1.975878830824898,0.03,none
2026-10-07 02:00:00+00:00,day,1,ENJUSDT,8.2,Strong,0.621,0.0862836434093929,0.03032,162,closed,time_limit,-0.0049683377308706,24.0,-0.0131894588490633,0.1725672868187859,-0.0862836434093929,-0.0801441841564485,0.3522162869949725,0.0631,thin_book
2026-01-13 02:00:00+00:00,day,6,FXSUSDT,7.7,Strong,0.495,0.12,0.812,162,open,,,,,0.24,-0.12,-0.0995555218971181,1.3095991976640324,0.03,none
2024-11-06 02:00:00+00:00,day,8,OOKIUSDT,7.5,Strong,0.475,0.12,0.000119,162,open,,,,,0.24,-0.12,-0.781558137903998,1.0962784919890547,0.03,none
2025-05-02 02:00:00+00:00,day,9,PDAUSDT,7.4,Strong,0.473,0.12,0.00977,162,open,,,,,0.24,-0.1200000000000001,-0.1231139619090706,0.7613823621090834,0.03,none
2026-10-07 03:50:00+00:00,quick,4,IOTXUSDT,4.3,Avoid - watch only,0.578,0.0203570867464143,0.003711,162,closed,time_limit,0.0058040904198062,1.0,-0.0113062178991925,0.0407141734928286,-0.0203570867464143,-0.0494187279219993,2.2661634193368165,0.0,none
2026-10-07 03:30:00+00:00,short,1,DYMUSDT,6.1,Moderate,0.647,0.0343324991366216,0.0177,162,closed,time_limit,0.018316027088036,4.0,-0.0030853401045159,0.0686649982732432,-0.0343324991366216,-0.0901608378391212,2.609905934893147,0.0631,thin_book
2026-10-07 03:30:00+00:00,short,2,RAREUSDT,5.8,Moderate,0.631,0.0341785468685016,0.0155,162,closed,time_limit,-0.0026439150032195,4.0,-0.0030853401045159,0.0683570937370032,-0.0351612903225806,-0.0570508811767984,2.6029768884541165,0.0631,thin_book
2026-10-07 03:30:00+00:00,short,7,QUICKUSDT,4.4,Avoid - watch only,0.468,0.0720153640256276,0.01045,162,closed,time_limit,-0.0058204393505253,4.0,-0.0030853401045159,0.1440307280512553,-0.0720153640256278,-0.0585397029083178,0.8777391205494126,0.0631,thin_book
2026-10-07 03:30:00+00:00,short,8,XAIUSDT,4.2,Avoid - watch only,0.624,0.0295465847311117,0.0091,162,closed,time_limit,0.0068008800880086,4.0,-0.0030853401045159,0.0590931694622236,-0.0295465847311117,-0.0545298094593968,2.870669692489072,0.1413,engineered
2026-10-06 02:45:00+00:00,short,10,STGUSDT,3.8,Avoid - watch only,0.584,0.0350787405722684,0.184,162,open,,,,,0.0701574811445369,-0.0350787405722684,0.0038116027633263,2.301663868154579,0.15,venues
2026-10-07 02:00:00+00:00,day,4,NOMUSDT,5.5,Weak,0.535,0.07542297161338,0.002204,162,closed,time_limit,0.0374557823129253,24.0,-0.0131894588490633,0.1508459432267601,-0.07542297161338,-0.1037712316361672,0.2244799921096992,0.0,none
2026-10-07 02:00:00+00:00,day,10,BBUSDT,4.1,Avoid - watch only,0.545,0.0516297698080388,0.00903,162,closed,time_limit,0.0157187153931339,24.0,-0.0131894588490633,0.1032595396160775,-0.0516297698080386,-0.0612107310448966,1.053818872262147,0.0631,thin_book
2023-01-26 08:55:00+00:00,quick,10,BEAMUSDT,3.4,Avoid - watch only,0.456,0.0414482197909125,0.0652,162,open,,,,,0.0828964395818252,-0.0414482197909126,-0.0030627895305461,1.2152786694400604,0.03,none
2026-10-07 04:30:00+00:00,short,1,XAIUSDT,6.5,Strong,0.634,0.0291832090966762,0.00904,162,closed,time_limit,0.0112743362831859,4.0,0.0029226641023976,0.0583664181933525,-0.0291832090966762,-0.0621850902735294,3.0369353730448605,0.0,none
2026-10-07 04:30:00+00:00,short,2,RAREUSDT,5.4,Weak,0.617,0.0318180187512084,0.01546,162,closed,time_limit,0.0038214747736093,4.0,0.0029226641023976,0.0636360375024169,-0.0318180187512084,-0.0578050352656474,2.711514030408602,0.0631,thin_book
2026-10-07 04:30:00+00:00,short,9,KAVAUSDT,4.2,Avoid - watch only,0.655,0.0230553753890678,0.06671,162,closed,time_limit,-0.002599520383693,4.0,0.0029226641023976,0.0461107507781357,-0.0230553753890678,-0.026916738876308,3.1433267342494084,0.1413,engineered
2026-10-07 03:00:00+00:00,day,2,NOMUSDT,5.6,Moderate,0.545,0.0738676947801223,0.002196,162,closed,time_limit,0.042211485870556,24.0,-0.0196061215160924,0.1477353895602446,-0.0738676947801223,-0.0963032285453167,0.2311342359265989,0.0,none
2026-10-07 03:00:00+00:00,day,9,QUICKUSDT,4.4,Avoid - watch only,0.49,0.12,0.01035,162,closed,time_limit,0.0182898550724637,24.0,-0.0196061215160924,0.24,-0.12,-0.0248104329145135,1.615087384595257,0.0631,thin_book
2026-10-07 03:00:00+00:00,day,10,BBUSDT,4.1,Avoid - watch only,0.548,0.0505679679712328,0.00901,162,closed,time_limit,0.0124124168514412,24.0,-0.0196061215160924,0.1011359359424657,-0.0505679679712327,-0.0571584138399483,1.0887303231240852,0.0631,thin_book
2026-10-07 05:45:00+00:00,short,1,DYMUSDT,5.7,Moderate,0.704,0.0303172741922595,0.01788,161,closed,time_limit,-0.0081624649859944,4.0,-0.0112739804552517,0.0606345483845192,-0.0363087248322147,-0.0753855194370309,2.777005434180425,0.1413,engineered
2026-10-07 05:00:00+00:00,day,5,NOMUSDT,5.2,Weak,0.523,0.0737543301595447,0.002189,161,closed,time_limit,0.0655799086757988,24.0,-0.0216965228516352,0.1475086603190896,-0.0737543301595446,-0.1040348314793098,0.2352750155605201,0.0,none
2026-10-07 05:00:00+00:00,day,6,DYMUSDT,5.0,Weak,0.532,0.0593815890411479,0.01788,161,closed,time_limit,-0.0188067226890756,24.0,-0.0216965228516352,0.1187631780822959,-0.0593815890411479,-0.0903150116626165,1.4255969203215515,0.0,none
2026-10-07 06:45:00+00:00,short,8,XAIUSDT,4.5,Avoid - watch only,0.659,0.0256031977085488,0.00915,159,closed,time_limit,-0.0173172866520788,4.0,-0.0147366054296364,0.0512063954170975,-0.0256031977085486,-0.0552744301777723,3.131481769830754,0.1413,engineered
2026-10-07 06:00:00+00:00,day,6,NOMUSDT,5.2,Weak,0.523,0.0731191892916693,0.002207,159,closed,time_limit,0.0487246376811594,24.0,-0.0200564709239626,0.1462383785833387,-0.0731191892916693,-0.0946096832472589,0.2385458560999472,0.0,none
2026-10-07 07:00:00+00:00,short,1,DYMUSDT,6.2,Moderate,0.625,0.0281147105159303,0.01797,159,closed,time_limit,-0.0147919911012236,4.0,-0.0156579600965891,0.0562294210318605,-0.0281147105159302,-0.0667272759849977,2.4941732449074903,0.0,none
2026-10-07 07:00:00+00:00,short,9,XAIUSDT,4.5,Avoid - watch only,0.657,0.0254283814936963,0.00919,159,closed,safety_exit,-0.0274283814936965,3.0,-0.0203920845403184,0.0508567629873928,-0.0254283814936964,-0.0509123730976073,3.1665671270156768,0.1413,engineered
2026-10-07 07:00:00+00:00,short,10,RAREUSDT,4.4,Avoid - watch only,0.644,0.0272037786511374,0.01551,159,closed,time_limit,0.0050921985815604,4.0,-0.0156579600965891,0.0544075573022748,-0.0272037786511374,-0.0667121725187014,2.902997965750957,0.1413,engineered
2026-10-07 08:00:00+00:00,short,4,TOWNSUSDT,4.7,Avoid - watch only,0.637,0.0204814885321277,0.00186,158,closed,safety_exit,-0.0224814885321277,0.75,-0.018072422301615,0.0409629770642554,-0.0204814885321277,-0.0559330516818121,2.558530419602739,0.0631,thin_book
2026-10-07 08:00:00+00:00,short,9,QUICKUSDT,4.5,Avoid - watch only,0.506,0.0520581590660016,0.01049,158,closed,time_limit,0.0008653295128939,4.0,-0.0166119579369633,0.1041163181320032,-0.0520581590660016,-0.0085430040219476,0.570466090745684,0.0631,thin_book
2026-10-07 07:00:00+00:00,day,7,DYMUSDT,4.6,Avoid - watch only,0.516,0.058068967736132,0.01806,158,closed,time_limit,-0.0280387811634349,24.0,-0.0240189278393259,0.116137935472264,-0.0580689677361321,-0.0904660891936863,1.447392477561818,0.0,none
2025-07-04 02:55:00+00:00,quick,6,BSWUSDT,2.2,Avoid - watch only,0.497,0.0433139360068133,0.0112,162,open,,,,,0.0866278720136266,-0.0433139360068132,-0.1098148660072073,1.500682411690675,0.03,none
2026-10-07 09:00:00+00:00,short,4,AVNTUSDT,5.2,Weak,0.613,0.0197289341883865,0.1217,162,closed,time_limit,-0.0118522167487685,4.0,-0.01375153433755,0.0394578683767732,-0.0197289341883866,-0.017915788641615,0.5464954792416666,0.0,none
2026-10-07 09:00:00+00:00,short,6,MVLLBUSDT,5.0,Weak,0.527,0.0425988528229487,40.79,162,closed,time_limit,-0.0034713094654242,4.0,-0.01375153433755,0.0851977056458974,-0.0425988528229487,-0.0208644152833845,0.1820416529076046,0.03,none
2026-10-07 08:00:00+00:00,day,3,NOMUSDT,8.0,Strong,0.616,0.0752820774190929,0.002224,162,closed,time_limit,0.0349203061683927,24.0,-0.0114489062487502,0.1505641548381859,-0.0752820774190929,-0.0996337171507066,0.2347839537294158,0.0,none
2026-10-07 08:00:00+00:00,day,5,CFGUSDT,6.9,Strong,0.569,0.0532604967207963,0.1385,162,closed,time_limit,0.0095440115440115,24.0,-0.0114489062487502,0.1065209934415927,-0.0532604967207962,-0.0817629711315353,0.8754395724798612,0.0,none
2026-10-07 08:00:00+00:00,day,7,PEOPLEUSDT,6.7,Strong,0.619,0.0438805707378474,0.00819,162,closed,time_limit,-0.0007789987789985,24.0,-0.0114489062487502,0.0877611414756949,-0.0438805707378473,-0.0797608984565094,1.2259968466122122,0.0,none
2026-10-07 08:00:00+00:00,day,8,LUNAUSDT,6.6,Strong,0.602,0.0487127935791701,0.0474,162,closed,time_limit,-0.0188421052631579,24.0,-0.0114489062487502,0.0974255871583402,-0.0487127935791701,-0.0848994437864862,1.6466380579253466,0.0,none
2026-10-07 08:00:00+00:00,day,9,PIXELUSDT,6.6,Strong,0.543,0.0562977530337953,0.00582,162,closed,time_limit,-0.002,24.0,-0.0114489062487502,0.1125955060675907,-0.0578178694158075,-0.0728799233686601,0.7656028214624067,0.0,none
2026-10-07 10:15:00+00:00,quick,10,QUICKUSDT,2.0,Avoid - watch only,0.476,0.0336239806792271,0.01044,160,closed,time_limit,-0.0067755491881565,1.0,-0.007002676502081,0.0672479613584542,-0.0336239806792271,-0.0019138761822841,0.8088728806084972,0.0527,thin_book
2026-10-07 10:00:00+00:00,short,2,QUICKUSDT,6.0,Moderate,0.534,0.07632493172356,0.01047,160,closed,time_limit,0.0267081339712917,4.0,-0.0144452813515176,0.15264986344712,-0.07632493172356,0.0153997268535768,0.8526997553047452,0.0527,thin_book
2026-10-07 10:00:00+00:00,short,10,QIUSDT,5.0,Weak,0.545,0.08,0.003065,160,closed,time_limit,-0.0355942596216569,4.0,-0.0144452813515176,0.1599999999999999,-0.0799999999999998,0.0833106844381523,3.4118091187462465,0.0827,thin_book
2026-10-07 09:00:00+00:00,day,4,IMXUSDT,7.4,Strong,0.578,0.0609469748114897,0.1712,160,closed,time_limit,0.0318587273788675,24.0,0.0035531988083147,0.1218939496229793,-0.0609469748114896,-0.0666536891337792,1.0331011904093548,0.0,none
2026-10-07 09:00:00+00:00,day,5,NOMUSDT,7.2,Strong,0.544,0.0752507178973828,0.002253,160,closed,time_limit,0.0317328007101642,24.0,0.0035531988083147,0.1505014357947658,-0.0752507178973828,-0.0793254577836766,0.2384506569307918,0.0,none
2026-10-07 09:00:00+00:00,day,6,CFGUSDT,7.1,Strong,0.575,0.0525797629118664,0.1372,160,closed,time_limit,0.0227813411078718,24.0,0.0035531988083147,0.1051595258237327,-0.0525797629118662,-0.093851390340665,0.8934311405410474,0.0,none
2026-10-07 09:00:00+00:00,day,7,PIXELUSDT,6.7,Strong,0.543,0.0566524664119212,0.00573,160,closed,time_limit,0.0380696864111496,24.0,0.0035531988083147,0.1133049328238424,-0.0566524664119212,-0.085264651654688,0.7690287749801453,0.0,none
2026-10-07 09:00:00+00:00,day,10,PEOPLEUSDT,6.2,Moderate,0.586,0.043404055800937,0.00822,160,closed,time_limit,0.0052992700729925,24.0,0.0035531988083147,0.0868081116018739,-0.0434040558009368,-0.079481067670005,1.261659827064611,0.0,none
2026-10-07 11:00:00+00:00,short,1,QUICKUSDT,6.2,Moderate,0.544,0.0703305499572145,0.01043,162,closed,time_limit,0.0162166826462126,4.0,-0.0139979539445339,0.1406610999144291,-0.0703305499572145,0.0183846494013195,0.8414710323377395,0.0527,thin_book
2026-10-07 11:00:00+00:00,short,5,QIUSDT,5.5,Weak,0.562,0.08,0.00301,162,closed,time_limit,-0.0129634551495017,4.0,-0.0139979539445339,0.1599999999999999,-0.0799999999999999,0.0532185597061403,3.749706269606991,0.0827,thin_book
2026-10-07 10:00:00+00:00,day,4,NOMUSDT,7.7,Strong,0.569,0.0744436183600518,0.002225,162,closed,time_limit,0.0168764044943821,24.0,-0.0007021168301438,0.1488872367201035,-0.0744436183600517,-0.0893681481831825,0.2506194198815998,0.0,none
2026-10-07 10:00:00+00:00,day,6,CFGUSDT,7.6,Strong,0.599,0.0514999888461617,0.1367,162,closed,time_limit,0.0257980980248722,24.0,-0.0007021168301438,0.1029999776923236,-0.0514999888461618,-0.111995369205113,0.862351638707796,0.0,none
2026-10-07 10:00:00+00:00,day,7,IMXUSDT,7.2,Strong,0.599,0.0600449216358655,0.1719,162,closed,time_limit,0.0171748983149331,24.0,-0.0007021168301438,0.1200898432717312,-0.0600449216358657,-0.0642112424568557,1.0493457319293689,0.0527,thin_book
2026-10-07 10:00:00+00:00,day,8,PIXELUSDT,6.9,Strong,0.547,0.055829035996156,0.00575,162,closed,time_limit,0.0275652173913043,24.0,-0.0007021168301438,0.1116580719923121,-0.055829035996156,-0.0881701256708478,0.8093308413441906,0.0,none
2026-10-07 12:00:00+00:00,short,1,QUICKUSDT,7.3,Strong,0.617,0.0650359207066245,0.0105,162,closed,time_limit,0.0351075166508088,4.0,-0.0096413357492811,0.1300718414132491,-0.0650359207066245,0.0153553880831944,0.8508816528547789,0.0527,thin_book
2026-10-07 12:00:00+00:00,short,10,QIUSDT,4.2,Avoid - watch only,0.611,0.0766497179023333,0.002932,162,closed,time_limit,-0.0084669843430905,4.0,-0.0096413357492811,0.1532994358046666,-0.0766497179023333,0.0161598840643426,3.833217295034911,0.2312,thin_book|engineered
2026-10-07 11:00:00+00:00,day,3,NOMUSDT,8.4,Strong,0.625,0.0729577224840527,0.002214,162,closed,time_limit,0.012911884319927626,24.0,0.0035246740334701336,0.1459154449681055,-0.0729577224840527,-0.0785823965764338,0.2529295239582687,0.0,none
2026-10-07 11:00:00+00:00,day,5,CFGUSDT,7.5,Strong,0.592,0.0507607175536772,0.1355,162,closed,time_limit,0.022354243542435315,24.0,0.0035246740334701336,0.1015214351073545,-0.0507607175536772,-0.1195035719048311,0.8777969724449156,0.0,none
2026-10-07 11:00:00+00:00,day,7,PIXELUSDT,6.8,Strong,0.539,0.0547393621152216,0.00572,162,closed,time_limit,0.02597202797202791,24.0,0.0035246740334701336,0.1094787242304433,-0.0547393621152215,-0.1076306641923654,0.7899564498910726,0.0,none
2026-10-07 11:00:00+00:00,day,8,IMXUSDT,6.7,Strong,0.565,0.0594183394668733,0.173,162,closed,time_limit,-0.0002688978649740808,24.0,0.0035246740334701336,0.1188366789337467,-0.0594183394668734,-0.064357868982803,1.0722731862222046,0.0527,thin_book
2026-10-07 11:00:00+00:00,day,10,MOVEUSDT,6.5,Strong,0.545,0.0455125937866417,0.009153,162,closed,time_limit,0.012951435119502365,24.0,0.0035246740334701336,0.0903528897629193,-0.0455125937866417,-0.0709502393438139,0.2999377514365809,0.0,none
2026-10-07 13:00:00+00:00,short,9,BANDUSDT,5.1,Weak,0.575,0.0264220091638037,0.2243,163,closed,time_limit,-0.005123605533244,4.0,-0.0009283296813923,0.0528440183276075,-0.0264220091638037,-0.0346146277376284,0.2863126935577879,0.0,none
2026-10-07 13:00:00+00:00,short,10,QUICKUSDT,5.0,Weak,0.489,0.0598786691015123,0.01051,163,closed,time_limit,0.018972354623451,4.0,-0.0009283296813923,0.1197573382030245,-0.0598786691015122,0.0143749480575232,0.8420020529354125,0.0527,thin_book
2026-10-07 12:00:00+00:00,day,4,NOMUSDT,7.9,Strong,0.582,0.0714579151977154,0.002207,163,open,,,,,0.142915830395431,-0.0714579151977153,-0.084251189964517,0.2491790711917781,0.0,none
2026-10-07 12:00:00+00:00,day,6,IMXUSDT,6.5,Strong,0.553,0.0586361409772701,0.1714,163,open,,,,,0.1172722819545404,-0.0586361409772702,-0.0687594720227107,1.0905447699270958,0.0527,thin_book
2022-12-27 02:00:00+00:00,day,9,TORNUSDT,6.2,Moderate,0.485,0.12,4.06,163,open,,,,,0.24,-0.12,0.0609325509951574,2.3727275520319795,0.03,none
2026-10-07 12:00:00+00:00,day,10,PIXELUSDT,6.2,Moderate,0.506,0.0536752538627035,0.00572,163,open,,,,,0.1073505077254068,-0.0536752538627034,-0.1013314307643789,0.777480084335962,0.0,none
2026-10-07 14:00:00+00:00,short,3,BANDUSDT,6.1,Moderate,0.634,0.0259387422326032,0.2208,163,closed,time_limit,0.002074241738343,4.0,0.006802955209271,0.0518774844652065,-0.0259387422326032,-0.0589181367606765,0.2989486731543676,0.0,none
2026-10-07 13:00:00+00:00,day,3,NOMUSDT,8.3,Strong,0.623,0.0700700704393931,0.002194,163,open,,,,,0.1401401408787863,-0.0700700704393931,-0.0897423755008608,0.2556685658045948,0.0,none
2026-10-07 13:00:00+00:00,day,7,HUMAUSDT,6.3,Moderate,0.486,0.0692714931177259,0.03002,163,open,,,,,0.1385429862354519,-0.0692714931177259,-0.0395153450896712,0.6129344940274738,0.0,none
2026-10-07 13:00:00+00:00,day,10,MOVEUSDT,5.3,Weak,0.53,0.044035210217557,0.009034,163,open,,,,,0.0880704204351141,-0.044035210217557,-0.0706150514622026,0.3204889800657255,0.0527,thin_book
2026-10-07 15:15:00+00:00,short,10,QUICKUSDT,4.7,Avoid - watch only,0.499,0.0545686360586094,0.01071,164,closed,time_limit,-0.010403361344538,4.0,0.0095296022238816,0.1091372721172188,-0.0545686360586095,0.0103238833416359,1.0002058844648205,0.0527,thin_book
2026-10-07 14:00:00+00:00,day,1,SCRUSDT,8.9,Strong,0.698,0.0783453456893734,0.02476,164,open,,,,,0.1566906913787469,-0.0783453456893734,-0.1236890930924654,0.3682081766534267,0.0,none
2026-10-07 14:00:00+00:00,day,4,NOMUSDT,7.8,Strong,0.596,0.0686280529772917,0.00219,164,open,,,,,0.1372561059545836,-0.0686280529772916,-0.0806747523590667,0.2550043623331169,0.0,none
2026-10-07 14:00:00+00:00,day,6,HUMAUSDT,6.7,Strong,0.523,0.0679643280387075,0.03008,164,open,,,,,0.1359286560774151,-0.0679643280387075,-0.0262482260749363,0.5888568606440707,0.0,none
2026-10-07 14:00:00+00:00,day,8,MOVEUSDT,6.2,Moderate,0.584,0.0433202972138799,0.008972,164,open,,,,,0.0866405944277597,-0.0433202972138798,-0.0936673606823754,0.3151284931592218,0.0527,thin_book
2026-10-07 16:30:00+00:00,quick,10,QUICKUSDT,2.0,Avoid - watch only,0.568,0.0182287325711959,0.01078,162,closed,time_limit,-0.0205356811862834,1.0,-0.0057329685946057,0.0364574651423919,-0.0227859157139949,0.0111941467431533,0.6059221671237306,0.0527,thin_book
2026-10-07 15:00:00+00:00,day,2,SCRUSDT,8.6,Strong,0.662,0.0785591459401365,0.02512,162,open,,,,,0.1571182918802731,-0.0785591459401366,-0.1206098926625367,0.3598731532050441,0.0,none
2026-10-07 15:00:00+00:00,day,4,NOMUSDT,7.7,Strong,0.588,0.0785211916804212,0.002277,162,open,,,,,0.1570423833608425,-0.0785211916804212,-0.0450816838515057,0.2631494322392466,0.0,none
2026-10-07 15:00:00+00:00,day,8,LUNAUSDT,6.2,Moderate,0.589,0.044347951390165,0.047,162,open,,,,,0.08869590278033,-0.0454255319148937,-0.0855919303354033,1.6390933198902884,0.0,none
2026-10-07 15:00:00+00:00,day,10,MOVEUSDT,5.7,Moderate,0.56,0.0451392800925554,0.009088,162,open,,,,,0.0902785601851108,-0.0451392800925554,-0.0785857964059912,0.3129885965013796,0.0527,thin_book
2022-12-27 02:55:00+00:00,quick,10,ANCUSDT,2.0,Avoid - watch only,0.474,0.0303497153960687,0.03151,162,open,,,,,0.0606994307921373,-0.0303497153960686,-0.0256906359681585,0.3009501358407584,0.03,none
2026-10-07 17:15:00+00:00,short,4,BANDUSDT,5.2,Weak,0.579,0.0249385437722335,0.2212,162,closed,time_limit,0.0007112516945322,4.0,0.0031195441761409,0.0498770875444671,-0.0249385437722334,-0.0333438313805556,0.2311303835294667,0.0,none
2026-10-07 16:00:00+00:00,day,1,SCRUSDT,9.0,Strong,0.726,0.078683615150155,0.02465,162,open,,,,,0.1573672303003102,-0.0786836151501551,-0.1306367406274531,0.3464924032292959,0.0,none
2026-10-07 16:00:00+00:00,day,6,NOMUSDT,6.8,Strong,0.541,0.0771816426993624,0.00226,162,open,,,,,0.1543632853987249,-0.0771816426993624,-0.0262023723940236,0.2664188638538147,0.0,none
2026-10-07 16:00:00+00:00,day,7,MOVEUSDT,6.3,Moderate,0.553,0.0443325661641618,0.009037,162,open,,,,,0.0886651323283236,-0.0443325661641618,-0.0687346403686675,0.3055493899005685,0.0,none
2026-10-07 16:00:00+00:00,day,10,ALICEUSDT,5.7,Moderate,0.537,0.0611382462912517,0.1715,162,open,,,,,0.1222764925825035,-0.0611382462912518,-0.1013876195698326,0.3487985199116117,0.0527,thin_book
2026-10-07 17:00:00+00:00,day,1,SCRUSDT,9.3,Strong,0.769,0.0771690403386597,0.02448,163,open,,,,,0.1543380806773195,-0.0771690403386597,-0.1082973753311358,0.3359323144029384,0.0,none
2026-10-07 17:00:00+00:00,day,4,NOMUSDT,7.5,Strong,0.579,0.0759774881239892,0.00224,163,open,,,,,0.1519549762479786,-0.0759774881239891,-0.0415360252539125,0.2671766073010331,0.0,none
2026-10-07 17:00:00+00:00,day,9,FLUXUSDT,5.7,Moderate,0.505,0.0833025113912759,0.0788,163,open,,,,,0.1666050227825517,-0.0833025113912758,-0.1984763191124137,2.1481939881423786,0.0,none
2026-10-07 19:30:00+00:00,short,5,SCRUSDT,5.1,Weak,0.562,0.0273078556994267,0.02426,161,closed,time_limit,0.0202680412371134,4.0,0.0077124741080426,0.0546157113988534,-0.0273078556994266,-0.0232236960041714,0.6630625983326633,0.0,none
2026-10-07 18:00:00+00:00,day,1,SCRUSDT,9.4,Strong,0.804,0.0756815079930671,0.02431,161,open,,,,,0.1513630159861343,-0.075681507993067,-0.1130642088952882,0.3303388018388613,0.0,none
2026-10-07 18:00:00+00:00,day,6,NOMUSDT,6.9,Strong,0.539,0.0745165051809652,0.002246,161,open,,,,,0.1490330103619304,-0.0745165051809652,-0.0461151737201284,0.2661734058287976,0.0,none
2026-10-07 18:00:00+00:00,day,7,LUNAUSDT,6.8,Strong,0.627,0.0419249990907739,0.0468,161,open,,,,,0.0838499981815479,-0.0419249990907738,-0.089856329121861,1.545061270044355,0.0,none
2026-10-07 18:00:00+00:00,day,8,DIAUSDT,6.5,Strong,0.509,0.0772108959399944,0.1635,161,open,,,,,0.1544217918799888,-0.0772108959399944,-0.0593646090496058,0.9518481829363012,0.0,none
2026-10-07 18:00:00+00:00,day,10,MOVEUSDT,6.4,Moderate,0.557,0.0440990442068553,0.009148,161,open,,,,,0.0881980884137105,-0.0440990442068552,-0.0635268596024252,0.308013683483453,0.0,none
2026-10-07 19:00:00+00:00,day,1,SCRUSDT,9.3,Strong,0.766,0.074143139712501,0.02428,160,open,,,,,0.1482862794250021,-0.074143139712501,-0.0976288913409635,0.3154629168246807,0.0,none
2026-10-07 19:00:00+00:00,day,7,NOMUSDT,6.7,Strong,0.528,0.0729778405532438,0.002244,160,open,,,,,0.1459556811064877,-0.0729778405532438,-0.0345994661278217,0.2648456556926958,0.0,none
2026-10-07 19:00:00+00:00,day,8,FLUXUSDT,6.6,Strong,0.561,0.0820299487043536,0.0795,160,open,,,,,0.1640598974087073,-0.0820299487043536,-0.1140023128164773,1.5133412705249312,0.0,none
2026-10-07 20:00:00+00:00,day,2,SCRUSDT,8.5,Strong,0.66,0.0734410286026664,0.02448,158,open,,,,,0.1468820572053328,-0.0734410286026664,-0.0927817334509661,0.3091252623692342,0.0,none
2026-10-07 20:00:00+00:00,day,7,LUNAUSDT,6.1,Moderate,0.593,0.0416411820151411,0.0473,158,open,,,,,0.0832823640302822,-0.0416411820151411,-0.0772742017117713,1.5377677793704057,0.0,none
2026-10-07 20:00:00+00:00,day,9,NOMUSDT,5.8,Moderate,0.482,0.0714912927021719,0.002245,158,open,,,,,0.1429825854043438,-0.071491292702172,-0.0350145178451022,0.2626919585875872,0.0,none
2026-10-07 21:00:00+00:00,day,1,SCRUSDT,8.9,Strong,0.712,0.0722808639854457,0.02424,157,open,,,,,0.1445617279708915,-0.0722808639854457,-0.0925310440538145,0.2985718736457385,0.0,none
2026-10-07 21:00:00+00:00,day,8,LUNAUSDT,6.0,Moderate,0.588,0.0408791146736417,0.0471,157,open,,,,,0.0817582293472833,-0.0408791146736416,-0.0815114961872867,1.5751960062247297,0.0,none
2026-10-07 21:00:00+00:00,day,9,MEGAUSDT,5.8,Moderate,0.526,0.042737189633875,0.04379,157,open,,,,,0.0854743792677501,-0.0427371896338751,-0.0581094724397774,0.3098536848969902,0.0,none
2026-10-07 22:00:00+00:00,day,7,SCRUSDT,6.3,Moderate,0.51,0.0722493356032937,0.02453,157,open,,,,,0.1444986712065874,-0.0722493356032937,-0.0711918380447369,0.2925530073816698,0.0,none
2026-10-07 22:00:00+00:00,day,8,LUNAUSDT,6.2,Moderate,0.598,0.0407653459208325,0.0474,157,open,,,,,0.0815306918416651,-0.0407653459208324,-0.0751622685086279,1.5769044098156153,0.0,none
2026-10-08 00:00:00+00:00,short,3,MIRAUSDT,5.2,Weak,0.667,0.0146044709714679,0.0497,157,closed,safety_exit,-0.0190261569416497,3.5,-0.0079883908387766,0.0292089419429357,-0.0170261569416498,0.0030226723265864,0.1915693391933143,0.0,none
2026-10-07 23:00:00+00:00,day,8,LUNAUSDT,5.9,Moderate,0.586,0.0402706338780934,0.0476,157,open,,,,,0.0805412677561869,-0.0402706338780934,-0.0729067708080877,1.582171087038574,0.0,none
2026-10-08 00:00:00+00:00,day,7,LUNAUSDT,5.7,Moderate,0.575,0.0395695619467846,0.0474,156,open,,,,,0.0791391238935692,-0.0395695619467847,-0.0732034040232947,1.5689129415927103,0.0,none
2026-10-08 00:00:00+00:00,day,10,FLUXUSDT,5.3,Weak,0.447,0.0781682889819256,0.0833,156,open,,,,,0.1563365779638512,-0.0781682889819255,-0.0237259053248366,1.053912915995452,0.0,none
2026-10-08 01:00:00+00:00,day,5,FLUXUSDT,6.9,Strong,0.533,0.0815519772616771,0.081,152,open,,,,,0.1631039545233543,-0.081551977261677,-0.0303974771843709,1.0086612281866247,0.0,none
2026-10-08 01:00:00+00:00,day,8,KITEUSDT,6.3,Moderate,0.56,0.041541822847092,0.1329,152,open,,,,,0.0830836456941841,-0.0415418228470921,-0.0441572840410984,0.4945314837701257,0.0,none
2026-10-08 01:00:00+00:00,day,9,TOWNSUSDT,6.1,Moderate,0.623,0.0470015519556487,0.001872,152,open,,,,,0.0940031039112974,-0.0470015519556487,-0.0586115360837533,1.1321056661374418,0.0527,thin_book
2024-11-06 02:55:00+00:00,quick,10,KP3RUSDT,2.1,Avoid - watch only,0.47,0.0340857802963754,16.48,172,open,,,,,0.0681715605927508,-0.0340857802963754,-0.0030293873516074,0.6522177343409438,0.03,none
2026-08-17 02:45:00+00:00,short,2,PIVXUSDT,4.6,Avoid - watch only,0.525,0.08,0.0097,172,open,,,,,0.1599999999999999,-0.0799999999999998,0.0973741640251759,0.9911806234988392,0.03,none
2026-10-08 02:45:00+00:00,short,5,SCUSDT,3.9,Avoid - watch only,0.597,0.0432411658972758,0.000999,172,closed,time_limit,-0.031029029029029,4.0,-0.0142980424342285,0.0864823317945515,-0.0488648648648649,0.0429513871955995,1.5587524454052142,0.0221,thin_book
2026-10-08 02:45:00+00:00,short,7,FLUXUSDT,3.7,Avoid - watch only,0.56,0.0264752721796996,0.0809,172,closed,take_profit,0.0509505443593991,4.0,-0.0142980424342285,0.0529505443593991,-0.0264752721796995,0.0111871893905646,0.1516629454626395,0.0,none
2022-10-24 08:45:00+00:00,short,8,BTGUSDT,3.5,Avoid - watch only,0.592,0.0575740798027065,17.65,172,open,,,,,0.1151481596054131,-0.0575740798027066,-0.016854331554982,0.3237817586935311,0.15,venues
2024-11-06 02:45:00+00:00,short,9,UNFIUSDT,3.4,Avoid - watch only,0.542,0.0346934992580629,1.341,172,open,,,,,0.0693869985161259,-0.0346934992580629,-0.0614577176925627,0.9830299514806208,0.03,none
2025-05-19 02:45:00+00:00,short,10,STPTUSDT,2.7,Avoid - watch only,0.478,0.0398749940388994,0.07042,172,open,,,,,0.0797499880777989,-0.0398749940388993,0.0195016217650603,0.9689002545025228,0.03,none
2026-08-17 02:00:00+00:00,day,6,PIVXUSDT,6.5,Strong,0.508,0.12,0.0097,172,open,,,,,0.24,-0.12,-0.1614874698911128,1.0566194361659602,0.03,none
2026-10-08 03:45:00+00:00,short,3,FLUXUSDT,4.2,Avoid - watch only,0.595,0.0263049931938695,0.0814,170,closed,time_limit,0.007840098400984,4.0,-0.0097123557835287,0.0526099863877389,-0.0263049931938693,0.0160994189341812,0.1581739075479257,0.0,none
2026-10-08 03:45:00+00:00,short,5,SCUSDT,4.1,Avoid - watch only,0.597,0.0403035581638618,0.000994,170,closed,time_limit,-0.0362396777442094,4.0,-0.0097123557835287,0.0806071163277237,-0.0430784708249497,0.0400258661758439,1.6902952463452907,0.0,none
2026-02-13 02:55:00+00:00,quick,10,ACAUSDT,1.7,Avoid - watch only,0.487,0.05,0.0018,168,open,,,,,0.1,-0.05,-0.0540672212702757,0.6618603554762866,0.15,venues
2026-10-08 05:00:00+00:00,short,8,FLUXUSDT,2.9,Avoid - watch only,0.521,0.027359157665409,0.0817,168,closed,time_limit,0.0077560975609756,4.0,0.0024161295800115,0.0547183153308181,-0.027359157665409,-0.018193345961206,0.2229854911466414,0.0,none
2026-10-08 05:00:00+00:00,short,9,SCUSDT,2.9,Avoid - watch only,0.551,0.0374244005340239,0.000978,168,closed,time_limit,-0.02040490797546,4.0,0.0024161295800115,0.0748488010680479,-0.0374244005340239,0.0133815686958316,1.797990886063042,0.0221,thin_book
2026-09-03 02:45:00+00:00,short,10,SCRTUSDT,2.8,Avoid - watch only,0.503,0.08,0.0071,168,open,,,,,0.1599999999999999,-0.0799999999999999,0.0285733724440557,0.476774795550805,0.15,venues
2026-10-08 05:45:00+00:00,short,8,FLUXUSDT,3.3,Avoid - watch only,0.542,0.0274570850748181,0.0819,166,closed,time_limit,0.0200318237454102,4.0,0.0139642493667187,0.0549141701496362,-0.0274570850748181,-0.0012202564052294,0.2045258101309128,0.0,none
2026-10-08 05:45:00+00:00,short,9,SCUSDT,2.9,Avoid - watch only,0.556,0.0359678875289844,0.000969,166,closed,time_limit,-0.008198347107438,4.0,0.0139642493667187,0.071935775057969,-0.0359678875289845,0.0062112000926406,1.7959134296644257,0.0221,thin_book
2025-03-10 02:45:00+00:00,short,10,ERNUSDT,2.6,Avoid - watch only,0.443,0.0506775583907372,2.183,162,open,,,,,0.1013551167814743,-0.0506775583907372,0.0430576571213101,0.6108919431301277,0.03,none
2026-10-08 07:00:00+00:00,day,5,RESOLVUSDT,7.0,Strong,0.552,0.0650801039083088,0.01921,162,open,,,,,0.1301602078166177,-0.0650801039083087,-0.071315350302695,0.425668419791762,0.0,none
2026-10-08 07:00:00+00:00,day,9,SCRUSDT,6.8,Strong,0.539,0.0653036192662088,0.02456,162,open,,,,,0.1306072385324177,-0.0653036192662088,-0.0504175038288075,0.2260453180274548,0.0,none
2022-12-27 02:45:00+00:00,short,6,ANCUSDT,4.7,Avoid - watch only,0.444,0.08,0.03151,168,open,,,,,0.1599999999999999,-0.0799999999999999,-0.0028521648236834,0.9755989833008268,0.03,none
2022-12-27 02:45:00+00:00,short,8,TORNUSDT,4.6,Avoid - watch only,0.457,0.0664338235046679,4.06,168,open,,,,,0.1328676470093359,-0.0664338235046679,-0.0362796740806488,0.5638632879255296,0.03,none
2025-05-02 02:00:00+00:00,day,1,VIBUSDT,8.7,Strong,0.654,0.12,0.00223,168,open,,,,,0.24,-0.1200000000000001,-1.8088032311913471,0.4047658494546581,0.03,none
2026-10-08 09:00:00+00:00,day,3,NOMUSDT,8.2,Strong,0.771,0.0588952384256852,0.002329,168,open,,,,,0.1177904768513704,-0.0588952384256851,0.0331763294520968,0.3249226694769903,0.1529,engineered
2026-10-08 09:00:00+00:00,day,5,HUMAUSDT,8.2,Strong,0.644,0.0617494791070104,0.03009,168,open,,,,,0.1234989582140209,-0.0617494791070104,-0.0432517421855211,0.4661801468289273,0.0,none
2026-10-08 09:00:00+00:00,day,10,TOWNSUSDT,7.4,Strong,0.64,0.0430926849622417,0.001916,168,open,,,,,0.0861853699244834,-0.0430926849622417,0.0355947271436809,0.4861038012990181,0.0205,thin_book
2026-05-27 02:55:00+00:00,quick,10,ATAUSDT,3.3,Avoid - watch only,0.532,0.05,0.0012,166,open,,,,,0.1,-0.0499999999999999,-0.2231435513142106,0.6233808819733812,0.15,venues
2026-10-08 10:00:00+00:00,day,2,HUMAUSDT,8.7,Strong,0.69,0.0613375854273828,0.03038,166,open,,,,,0.1226751708547655,-0.0613375854273827,-0.0444231392113079,0.446835067537379,0.0,none
2026-10-08 10:00:00+00:00,day,4,NOMUSDT,8.5,Strong,0.669,0.0636442308312604,0.002267,166,open,,,,,0.1272884616625209,-0.0636442308312604,0.0187004559071883,0.3338442761410831,0.0,none
2026-10-08 10:00:00+00:00,day,9,RESOLVUSDT,7.6,Strong,0.61,0.0627249332540255,0.01924,166,open,,,,,0.1254498665080512,-0.0627249332540256,-0.0516570535829772,0.3234485381632737,0.0205,thin_book
2026-10-08 11:00:00+00:00,day,3,HUMAUSDT,8.7,Strong,0.697,0.0601823923573153,0.03048,165,open,,,,,0.1203647847146305,-0.0601823923573152,-0.0201370883667428,0.4357743648797423,0.0,none
2026-10-08 11:00:00+00:00,day,5,ESPUSDT,8.4,Strong,0.647,0.0675477324720611,0.10806,165,open,,,,,0.1350954649441222,-0.0675477324720611,-0.0615496056951689,0.697825290859289,0.0,none
2026-10-08 11:00:00+00:00,day,7,SCRUSDT,8.2,Strong,0.639,0.0648990570155503,0.02537,165,open,,,,,0.1297981140311006,-0.0648990570155503,-0.0070699430385228,0.2116733400537994,0.0,none
2026-10-08 11:00:00+00:00,day,10,RESOLVUSDT,7.9,Strong,0.617,0.0629530323984996,0.01895,165,open,,,,,0.1259060647969991,-0.0629530323984995,-0.0438780061720542,0.3097090515994655,0.0,none
