t,equity,cash,open
2026-10-09 17:19:25.199739+00:00,100.0,85.7007,0
2026-10-09 18:16:22.402067+00:00,99.6945,85.7007,1
2026-10-09 19:18:39.606513+00:00,99.5268,85.7007,1
2026-10-09 19:52:19.427033+00:00,99.5268,85.7007,1
2026-10-09 20:59:52.406414+00:00,99.2622,85.7007,1
2026-10-09 21:58:45.043695+00:00,99.527,85.7007,1
2026-10-09 23:00:22.154647+00:00,99.6452,85.7007,1
2026-10-09 23:59:31.377900+00:00,99.5698,85.7007,1
2026-10-10 00:31:51.656375+00:00,99.6642,85.7007,1
2026-10-10 01:36:58.554010+00:00,99.968,85.7007,1
