id,strategy,sym,label,side,t_in,seen_at,entry,stop,grade,score,prob,exp_r,risk_unit,sl_pct,status,net,base
turtle|SPY|1791207000000,turtle,SPY,S&P 500 (SPY),1,1791207000000,2026-10-05 23:38:17.160674+00:00,775.1400146484375,761.4969287614997,Avoid - watch only,0.9338093748008512,0.3681318681318681,-0.0288391892946202,0.0176008019572123,0.0176008019572123,open,,
supertrend|DOGEUSDT|1791284400000,supertrend,DOGEUSDT,DOGE,1,1791284400000,2026-10-06 12:02:07.318493+00:00,0.09542,0.0704277,Avoid - watch only,0.3640790880881674,0.5387755102040817,0.0040196604777531,0.2619188849297842,0.2619188849297842,closed,-0.040347138964577665,0.006844482502474904
supertrend|BTCUSDT|1791284400000,supertrend,BTCUSDT,BTC,1,1791284400000,2026-10-06 12:02:07.318493+00:00,86157.15,63488.006400000006,Avoid - watch only,0.3447324096768948,0.4552845528455284,-0.0054150696218512,0.2631138982661333,0.2631138982661333,closed,-0.022693481968704708,-0.001196306918660254
orb|QQQ|1791293700000,orb,QQQ,Nasdaq 100 (QQQ),-1,1791293700000,2026-10-06 13:47:09.635778+00:00,759.8499755859375,761.7000122070312,Avoid - watch only,1.2643553345069256,0.3625,-0.0221415613579595,0.0024347393308358,0.0024347393308358,closed,-0.0026347393308359,-0.000412359252515
orb|IWM|1791293700000,orb,IWM,Russell 2000 (IWM),-1,1791293700000,2026-10-06 13:47:09.635778+00:00,284.3699951171875,284.6400146484375,Avoid - watch only,0.0140437249838585,0.2911392405063291,-0.6944598894622115,0.0009495359422105,0.0009495359422105,closed,0.0092953594221052,9.34621881057808e-05
supertrend|XRPUSDT|1791298800000,supertrend,XRPUSDT,XRP,1,1791298800000,2026-10-06 16:02:23.628734+00:00,1.5226,1.12014,Avoid - watch only,0.3748156765949259,0.5213675213675213,0.0090493444323224,0.2643241823197163,0.2643241823197163,closed,-0.03273986601865233,-0.005290661790072851
bbandrsi|BNBUSDT|1791338400000,bbandrsi,BNBUSDT,BNB,1,1791338400000,2026-10-07 03:02:04.441502+00:00,770.44,577.83,Avoid - watch only,0.3704630940223391,0.6235294117647059,0.007027235591087113,0.25,0.25,open,,
bbandrsi|BTCUSDT|1791338400000,bbandrsi,BTCUSDT,BTC,1,1791338400000,2026-10-07 03:02:04.441502+00:00,84391.49,63293.61750000001,Avoid - watch only,0.35953729417458846,0.5862068965517241,0.001848920968274967,0.24999999999999994,0.24999999999999994,open,,
bbandrsi|ETHUSDT|1791338400000,bbandrsi,ETHUSDT,ETH,1,1791338400000,2026-10-07 03:02:04.441502+00:00,2657.58,1993.185,Avoid - watch only,0.3503688118552425,0.6236559139784946,-0.0026147711531917086,0.25,0.25,open,,
bbandrsi|XRPUSDT|1791338400000,bbandrsi,XRPUSDT,XRP,1,1791338400000,2026-10-07 03:02:04.441502+00:00,1.4761,1.107075,Avoid - watch only,0.34860641800965964,0.5957446808510638,-0.003485675469643549,0.24999999999999997,0.24999999999999997,open,,
bbandrsi|DOGEUSDT|1791338400000,bbandrsi,DOGEUSDT,DOGE,1,1791338400000,2026-10-07 03:02:04.441502+00:00,0.09178,0.06883500000000001,Avoid - watch only,0.3396587043470415,0.6292134831460674,-0.007973825780764414,0.24999999999999992,0.24999999999999992,open,,
