trade_id,symbol,side,entry_ts,exit_ts,entry_px,exit_px,qty,notional,gross_pnl,fees,funding,net_pnl,ret_bps,bars_held,exit_reason,trust_entry,edge_bps,maker_entry,venue,take_profit,stop_loss
ETHUSDT-202609141630-1,ETHUSDT,1,2026-09-14 16:30:00+00:00,2026-09-14 17:30:00+00:00,2521.845514931617,2523.7109212492296,4.386557995900978,11062.221607950305,8.182712998128293,11.067254053861898,0.056886052061457595,-2.9414271077950636,-2.6589840739414314,12,time_stop,0.7500850843911397,18.949364561045947,False,coinbase,2552.299624817357,2501.744921103159
ETHUSDT-202609142100-2,ETHUSDT,-1,2026-09-14 21:00:00+00:00,2026-09-14 22:00:00+00:00,2570.226252413493,2545.140681858141,5.146087726314304,13226.609771395888,129.0925467424895,13.161006795589845,-0.06801613986032076,115.99955608675998,87.70165453707025,12,time_stop,0.6929375373695691,26.293714345015953,False,coinbase,2530.7839159071714,2596.862060588906
ETHUSDT-202609142220-3,ETHUSDT,1,2026-09-14 22:20:00+00:00,2026-09-14 23:15:00+00:00,2546.4107928688386,2523.0472641807946,4.207487839776733,10713.992446071867,-98.30176284921986,10.665699719439917,0.050857226194499346,-109.01831979485426,-101.75321696705535,11,stop_loss,0.7267183087882183,20.77352976190358,False,coinbase,2581.2363485594287,2523.455182076384
ETHUSDT-202609151625-4,ETHUSDT,1,2026-09-15 16:25:00+00:00,2026-09-15 17:25:00+00:00,2423.65,2424.6877794121438,4.706912134997419,11407.907595986495,4.884736508469498,6.848157068889769,-0.010581897172737567,-1.9528386632475334,-1.711828963213707,12,time_stop,0.7714430715278539,18.078541179232992,True,binance,2452.8129059645703,2404.400948510822
ETHUSDT-202609151940-5,ETHUSDT,1,2026-09-15 19:40:00+00:00,2026-09-15 19:55:00+00:00,2409.04,2416.307972647117,2.625566424811997,6325.094540029094,19.082544958722234,3.805047004263866,-0.0018052659989038428,15.279303220457273,24.15664006879333,3,signal_decay,0.6986121953493444,19.653196988776482,True,coinbase,2466.9309639883013,2371.202738252634
BTCUSDT-202609152115-6,BTCUSDT,-1,2026-09-15 21:15:00+00:00,2026-09-15 22:15:00+00:00,75863.21907456186,75202.85417256197,0.21883997650260023,16601.90507968873,144.51423963679667,16.52836291264658,-0.18565649808026555,128.17153322223038,77.20290689954568,12,time_stop,0.7721867931653212,29.740764378948523,False,okx,74906.60879702216,76507.73666348628
ETHUSDT-202609161955-7,ETHUSDT,-1,2026-09-16 19:55:00+00:00,2026-09-16 20:55:00+00:00,2408.53,2411.4303287004436,4.123755379567057,9932.188544348644,-11.960246080966302,5.964488439610543,-0.030417748022729257,-17.894316772554117,-18.016489208449304,12,time_stop,0.727691284744144,21.40877249542634,True,coinbase,2371.707083924048,2433.395681925536
BTCUSDT-202609162115-8,BTCUSDT,-1,2026-09-16 21:15:00+00:00,2026-09-16 22:05:00+00:00,76116.01,75765.2727272098,0.15022948688223636,11434.86912582317,52.691080521746194,6.833687874111892,-0.05237276141785758,45.909765409052156,40.14892072999324,10,signal_decay,0.7910936453629611,15.376176876552945,True,coinbase,75395.80740931956,76599.96300775665
ETHUSDT-202609162205-9,ETHUSDT,-1,2026-09-16 22:05:00+00:00,2026-09-16 22:10:00+00:00,2391.41,2399.544060950292,5.684445351808549,13593.839458768482,-46.23762496021605,8.17821721209231,-0.006404878309346568,-54.40943729399902,-40.02506978181437,1,signal_decay,0.7029478641849647,22.86329780640623,True,okx,2364.3642056946865,2409.612186869865
ETHUSDT-202609162215-10,ETHUSDT,1,2026-09-16 22:15:00+00:00,2026-09-16 23:15:00+00:00,2399.12,2408.1732064072335,4.478708829336743,10744.959926638367,40.54667546988499,6.46818264228993,0.032906894800016455,34.04558593279505,31.685167897546958,12,time_stop,0.709402102176802,16.945196966034487,True,coinbase,2426.4927659569416,2381.043253277135
ETHUSDT-202609181615-11,ETHUSDT,-1,2026-09-18 16:15:00+00:00,2026-09-18 17:15:00+00:00,2596.82,2593.917307419511,4.504873036833124,11698.344399508993,13.076261540061367,7.01157359919462,-0.1555868547947049,6.220274795661451,5.317226594835532,12,time_stop,0.691023288120621,20.354774335978103,True,binance,2565.7490496015976,2617.742723422478
BTCUSDT-202609182110-12,BTCUSDT,-1,2026-09-18 21:10:00+00:00,2026-09-18 22:10:00+00:00,81164.01,81254.66102842407,0.2033098944890881,16501.44630941129,-18.430251024226912,9.908793821883432,-0.2008623533334318,-28.13818249277691,-17.051949244430062,12,time_stop,0.7640145298038227,15.904665323716221,True,binance,80623.1518909111,81526.59631310476
ETHUSDT-202609182110-13,ETHUSDT,-1,2026-09-18 21:10:00+00:00,2026-09-18 22:10:00+00:00,2632.1,2629.998602857255,4.914008401758879,12934.161514269546,10.326283214881522,7.7543543980595295,-0.17202310349970396,2.743951920321697,2.1214764616124877,12,time_stop,0.7826510074867059,17.84380101216931,True,binance,2607.33563795988,2648.740109918969
ETHUSDT-202609191610-14,ETHUSDT,1,2026-09-19 16:10:00+00:00,2026-09-19 16:55:00+00:00,2642.265168594446,2649.4240810931396,6.585021859518291,17399.373893838212,47.14159529427576,17.424840910780844,0.06674641136179173,29.650007972133125,17.040847649485443,9,signal_decay,0.7625201897520076,15.35578043840859,False,okx,2658.3132897482606,2631.6202805601743
ETHUSDT-202609192130-15,ETHUSDT,-1,2026-09-19 21:30:00+00:00,2026-09-19 22:20:00+00:00,2627.230792900561,2622.301245122749,7.70024387503036,20230.3178213237,37.958720082765424,20.20913909790352,-0.08536693537783317,17.834947920239742,8.815950435262502,10,signal_decay,0.7911446108764801,14.303123033543978,False,binance,2613.171758741609,2636.6454786644285
ETHUSDT-202609202110-16,ETHUSDT,-1,2026-09-20 21:10:00+00:00,2026-09-20 22:00:00+00:00,2619.5955184704508,2634.7455561822167,6.177391584046049,16182.26730940411,-93.58771545864288,16.22743021549856,-0.04868220456682228,-109.76646346957462,-67.83132509854494,10,stop_loss,0.7840196376180439,18.94255644777303,False,binance,2597.814561361347,2634.2175172477637
ETHUSDT-202609211610-17,ETHUSDT,1,2026-09-21 16:10:00+00:00,2026-09-21 17:10:00+00:00,2747.0350922161356,2749.353752060432,3.724975317273123,10232.637914188203,8.636950689155817,10.237675771553398,0.015189226929776473,-1.6159143093273582,-1.5791766726024676,12,time_stop,0.7215591047061052,16.609180104471,False,binance,2778.1069851305297,2726.5138073964763
ETHUSDT-202609212055-18,ETHUSDT,-1,2026-09-21 20:55:00+00:00,2026-09-21 21:55:00+00:00,2781.73,2769.1218318422584,4.038134123080929,11232.998834197911,50.913474067318774,6.71351104737749,-0.016674152826024503,44.216637172767314,39.36316367999034,12,time_stop,0.768696759057301,19.365389619615627,True,coinbase,2746.840633567739,2805.2354271793392
ETHUSDT-202609212200-19,ETHUSDT,-1,2026-09-21 22:00:00+00:00,2026-09-21 22:25:00+00:00,2768.71,2773.1392916606865,4.1123049840284995,11385.779932329548,-18.21459817195668,6.839713130890706,-0.00780043365379328,-25.046510869193593,-21.998063389645225,5,signal_decay,0.7667617856018362,17.10054855050447,True,okx,2738.3545114741187,2789.133707258466
ETHUSDT-202609221610-20,ETHUSDT,1,2026-09-22 16:10:00+00:00,2026-09-22 17:10:00+00:00,2737.7076059979327,2747.2165712469414,4.871127257002316,13335.722141279088,46.31937981033421,13.360059252672176,0.10309092279139753,32.85622963487064,24.637758110727443,12,time_stop,0.736644313908998,16.264377232136994,False,okx,2762.487583827199,2721.3112334306975
ETHUSDT-202609231610-21,ETHUSDT,1,2026-09-23 16:10:00+00:00,2026-09-23 17:10:00+00:00,2664.921398737804,2651.8332809380786,5.257381118673875,14010.507444474102,-68.80922339925523,13.977277118955223,0.08323125472226509,-82.86973177293272,-59.148272895438524,12,time_stop,0.7568528164316422,22.63091129159121,False,okx,2698.274570753056,2642.915308877184
BTCUSDT-202609241535-22,BTCUSDT,1,2026-09-24 15:35:00+00:00,2026-09-24 16:35:00+00:00,84236.56,84673.1839528901,0.13441892952514162,11322.988222080363,58.690524352523916,6.823953180560422,0.01433067429431114,51.85224049766918,45.793777650103756,12,time_stop,0.7198204695644729,18.282716329876777,True,okx,85167.03214841594,83621.89969968726
ETHUSDT-202609241535-23,ETHUSDT,1,2026-09-24 15:35:00+00:00,2026-09-24 16:35:00+00:00,2673.87,2692.844212253987,4.016151152365473,10738.666081775465,76.20330440907671,6.482196476754749,0.04846813798745422,69.6726397943345,64.88016226947924,12,time_stop,0.7093385932937453,17.213723326262183,True,coinbase,2704.311649848143,2653.766179553059
ETHUSDT-202609251555-24,ETHUSDT,1,2026-09-25 15:55:00+00:00,2026-09-25 16:55:00+00:00,2673.381724551427,2683.2770654009023,4.105499586388412,10975.567564404222,40.62531776469344,10.996768929695332,0.006982795046557917,29.621566039951553,26.988641695414206,12,time_stop,0.6942110219586783,19.16069060522659,False,okx,2706.1062850203352,2651.785499440701
ETHUSDT-202609281535-25,ETHUSDT,1,2026-09-28 15:35:00+00:00,2026-09-28 16:15:00+00:00,2670.0320640771847,2685.078965751125,3.904914362744852,10426.246556004282,58.75686246137897,10.45648608772142,0.0093719617316352,48.29100441192591,46.316768122192556,8,signal_decay,0.7318003260197096,19.539263054670528,False,binance,2703.5534707477095,2647.915686013833
ETHUSDT-202609291615-27,ETHUSDT,1,2026-09-29 16:15:00+00:00,2026-09-29 16:35:00+00:00,2675.500054690297,2678.854958260629,4.150044894404647,11103.445341946821,13.923000433275288,11.111268063089177,0.03460665568747884,2.77712571449863,2.5011387267402023,4,signal_decay,0.9186321978406715,13.475849928955805,False,okx,2698.6631339151854,2660.1685589576878
BTCUSDT-202609291600-26,BTCUSDT,1,2026-09-29 16:00:00+00:00,2026-09-29 17:00:00+00:00,83080.63972846982,83087.37476261822,0.14864147049462065,12349.228458873555,1.0011053796493596,12.350667328488266,0.05508271908141577,-11.404644667920321,-9.235107040007424,12,time_stop,0.8411238828636548,13.09990670987504,False,binance,83686.87683655728,82678.9234302526
ETHUSDT-202609301245-28,ETHUSDT,-1,2026-09-30 12:45:00+00:00,2026-09-30 13:35:00+00:00,2729.2166935360347,2704.0936304474217,4.20356881137351,11472.45017242801,105.60652444546258,6.87290945101226,-0.0808556183174957,98.81447061276782,86.13196756369514,10,profit_target,0.8015565572089549,14.940078815246267,False,binance,2704.0936304474217,2746.0949422267267
ETHUSDT-202610011535-29,ETHUSDT,1,2026-10-01 15:35:00+00:00,2026-10-01 16:35:00+00:00,2675.662729021248,2680.1890189036167,4.517157001857715,12086.388631008054,20.445962034578482,12.09763018823396,0.09123258566848912,8.257099260676032,6.8317340379839795,12,time_stop,0.7299065433300815,18.319388624007452,False,binance,2705.72139099535,2655.809367885252
