id,chain,pool,token,symbol,name,dex,created,entry_t,delay_min,entry,reserve,reserve0,pool_fee,buy_tax,sell_tax,cost_rt,verdict,reasons,warnings,grade,score,plan,status,last,last_t,last_reserve,rug,quick_net,quick_reason,standard_net,standard_reason,runner_net,runner_reason
solana|GJhkHJYwRcLA1z4KKAsc84UCxWdAF61rSjj3GXkSoCw3,solana,GJhkHJYwRcLA1z4KKAsc84UCxWdAF61rSjj3GXkSoCw3,7astzArav9MoevtNkySJprR68ZjY5rVNzMKCrHo2JYri,AD,Aunt Dick,meteora-damm-v2,2026-10-06T03:18:00Z,2026-10-06 03:19:30.509835+00:00,1.50849725,3.400225318110262e-05,28777.05296691094,29279.496,0.003,0.0,0.0,0.0409304185080017,reject,The 10 biggest wallets hold 88%. They can crash the price at will.,,,,standard,open,3.6411984556918416e-05,2026-10-06 03:32:35.881416+00:00,8.289340475e-05,,,,,,,
bsc|0x6f27aa1210461ff3766ac4097aa85dcb7f0ccfaa,bsc,0x6f27aa1210461ff3766ac4097aa85dcb7f0ccfaa,0xe644888e050ebfd038c92e8a8b8f0c6966448c36,特朗普,特朗普,pancakeswap_v2,2026-10-06T03:12:41Z,2026-10-06 03:19:30.509835+00:00,6.825163916666667,0.0001572509916785,59665.09586970474,59325.3807,0.003,0.0,0.0,0.0324033661258479,reject,Only 0 wallets sold against 15 that bought in 24 hours. Contracts that let checkers sell but block ordinary buyers look exactly like this. | The creator/owner still holds 100%.,,,,standard,open,0.000182457657445269,2026-10-06 03:32:35.881416+00:00,63955.6124,,,,,,,
bsc|0x74323aaa7a4336df1c3e546b54ee581e8f8c07a3,bsc,0x74323aaa7a4336df1c3e546b54ee581e8f8c07a3,0x70192de3d40d58efe49bc556e48e892d80887777,回本猴,回本猴,pancakeswap_v2,2026-10-06T03:10:39Z,2026-10-06 03:19:30.509835+00:00,8.85849725,0.0002355303756506,51062.00702199999,51402.9141,0.003,0.0,0.0,0.0334722651630823,pass,,The sell simulation didn't confirm selling works. | The pool's money isn't (fully) locked: it can be pulled.,Avoid - watch only,1.1271193628595828,standard,open,1.05123106413095e-09,2026-10-06 03:32:35.881416+00:00,0.1563,,,,,,,
ethereum|0x7b295f148c7214a7ef37bd6c774a8dbbb45d11ae90abc48982529451bb9e333e,ethereum,0x7b295f148c7214a7ef37bd6c774a8dbbb45d11ae90abc48982529451bb9e333e,0x6eb823d67f84b356f0af921fd4c431721620c9a7,AET,AetherToken,uniswap-v4-ethereum,2026-10-06T02:35:59Z,2026-10-06 03:19:30.509835+00:00,43.52516391666666,6.71932433759867,17810.679837999996,3359661780.6276,0.003,0.0,0.0,0.0558354956077238,reject,"The contract code is secret, so what it does can't be checked. | The 10 biggest wallets hold 100%. They can crash the price at will.",,,,standard,open,6.66780828014387,2026-10-06 03:32:35.881416+00:00,1433338797.8048,,,,,,,
ethereum|0x0efb8b436d816ed004e6a97649ab929616bd0c68,ethereum,0x0efb8b436d816ed004e6a97649ab929616bd0c68,0x8190500d48a032fc7b5abc13c38ed293b2520260,SHB❤️ETH,Shiba Loves ETH,uniswap_v2,2026-10-06T03:14:35Z,2026-10-06 03:19:30.509835+00:00,4.9251639166666665,1.91074520383953e-05,11112.9534816,11672.8034,0.003,0.0,0.0,0.0695595415247886,reject,"The security check couldn't run for this token, so it isn't suggested (we never guess).",,,,standard,open,1.6183202824645e-05,2026-10-06 03:32:35.881416+00:00,11033.0791,,,,,,,
solana|43ss5UGQ1vZKhpMyhxrariadB9riP5MTK5diAkSLiLBG,solana,43ss5UGQ1vZKhpMyhxrariadB9riP5MTK5diAkSLiLBG,ETpg53DmoaBwNsjYxNwvVAJqjRM42XZRqSbKRFLJmoon,JUPTRIK,JUPITER MOON TRICK,pumpswap,2026-10-06T03:31:12Z,2026-10-06 03:32:35.881416+00:00,1.3980236,0.1253083834203645,129175.09370388142,127824.1172,0.003,0.0,0.0,0.029425513752702557,reject,The 10 biggest wallets hold 92%. They can crash the price at will.,,,,standard,open,0.1253083834203645,2026-10-06 03:32:35.881416+00:00,127824.1172,,,,,,,
solana|DFxVzqSFy9QPeeQcUvb5NCnVjndczhFgFZYvRLPgV4Fn,solana,DFxVzqSFy9QPeeQcUvb5NCnVjndczhFgFZYvRLPgV4Fn,8zhPFEdJpjDisEihaeGCrVf9y1C9j82TnDPaUgkCpeTa,DCA,Dih Clih Ahh,meteora-damm-v2,2026-10-06T03:31:28Z,2026-10-06 03:32:35.881416+00:00,1.1313569333333333,1.2930305164304786e-05,22931.31958853586,22673.0375,0.003,0.0,0.0,0.0469596003158766,reject,The 10 biggest wallets hold 96%. They can crash the price at will.,,,,standard,open,1.2897576090345606e-05,2026-10-06 03:32:35.881416+00:00,23324.7548,,,,,,,
bsc|0xb58994c94b08cb6e1d65cccb5e1e84f833579997,bsc,0xb58994c94b08cb6e1d65cccb5e1e84f833579997,0x6b8e8546aa5bc6ae3869d256245f1fa9aa1a7777,ANIMA,Anima,pancakeswap_v2,2026-10-06T03:20:22Z,2026-10-06 03:32:35.881416+00:00,12.231356933333332,0.00575039842685578,386435.1290555412,386439.1837,0.003,0.0,0.0,0.027002610024265152,reject,"The contract code is secret, so what it does can't be checked.",,,,standard,open,0.00526240825955817,2026-10-06 03:32:35.881416+00:00,386439.1837,,,,,,,
bsc|0xe10bd37878793f29193179147cf1268f781e3b80,bsc,0xe10bd37878793f29193179147cf1268f781e3b80,0xe620433df2b5bc4410ddf46d092850751034a423,米兔,米兔,pancakeswap_v2,2026-10-06T03:20:01Z,2026-10-06 03:32:35.881416+00:00,12.581356933333332,7.68578242059309e-06,96657.90446,96657.9045,0.003,0.0,0.0,0.02996635086712203,reject,Only 0 wallets sold against 5 that bought in 24 hours. Contracts that let checkers sell but block ordinary buyers look exactly like this. | The creator/owner still holds 100%.,,,,standard,open,7.68578242059309e-06,2026-10-06 03:32:35.881416+00:00,96657.9045,,,,,,,
bsc|0x65a7fea8c1c3efb944e95536caeb0a624748b6e1,bsc,0x65a7fea8c1c3efb944e95536caeb0a624748b6e1,0x6228c80267f0a807cedc47f5dcc3e63fd1907777,big pig,big pig,pancakeswap_v2,2026-10-06T03:21:52Z,2026-10-06 03:32:35.881416+00:00,10.731356933333332,0.000830730814473127,81632.72596165855,81632.5774,0.003,0.0099,0.0099,0.04974528460622807,pass,,The sell simulation didn't confirm selling works. | The pool's money isn't (fully) locked: it can be pulled.,Avoid - watch only,0.7915477700843901,standard,open,0.000830730814473127,2026-10-06 03:32:35.881416+00:00,81632.5774,,,,,,,
bsc|0xb7fc32604cfe410767355b0a0aac4b04535bef33,bsc,0xb7fc32604cfe410767355b0a0aac4b04535bef33,0xccdb4f4a4852c442c3d66e79aa88342db98d1e79,POPC,PopcatArmy,pancakeswap_v2,2026-10-06T03:19:37Z,2026-10-06 03:32:35.881416+00:00,12.981356933333332,0.000219660358400102,62624.695224,62999.9692,0.003,0.0,0.0,0.032102971907433615,reject,The creator/owner still holds 100%.,,,,standard,open,0.000227095903144687,2026-10-06 03:32:35.881416+00:00,66895.7718,,,,,,,
bsc|0x723009d63bbc14f24ee289284f99a17e030051cd,bsc,0x723009d63bbc14f24ee289284f99a17e030051cd,0xe7eea3d0d03f432d2c2cbe36ea1ad68250617777,疲劳哥,疲劳哥,pancakeswap_v2,2026-10-06T03:22:37Z,2026-10-06 03:32:35.881416+00:00,9.981356933333332,0.000265769163411155,53858.75923999999,53342.8669,0.003,0.0,0.0,0.03308744629939355,pass,,The sell simulation didn't confirm selling works. | The pool's money isn't (fully) locked: it can be pulled.,Avoid - watch only,1.1363888400653033,standard,open,0.000265769163411155,2026-10-06 03:32:35.881416+00:00,54637.2973,,,,,,,
bsc|0x57c39c87b17fa218013f8cef165ef68633adeee5,bsc,0x57c39c87b17fa218013f8cef165ef68633adeee5,0x7af1ad5f87713d6b1bef172660bc08118e3477de,FOMO,[Fake] FOMO (fomo.giving),pancakeswap_v2,2026-10-06T03:26:25Z,2026-10-06 03:32:35.881416+00:00,6.181356933333333,1.23096210352936e-10,24332.951118,24333.0293,0.003,0.0,0.0,0.04481323217875399,reject,The creator/owner still holds 100%.,,,,standard,open,1.23096210352936e-10,2026-10-06 03:32:35.881416+00:00,24333.0293,,,,,,,
bsc|0x8140f4a567649a44ca051350bb1f6bd727d90e91,bsc,0x8140f4a567649a44ca051350bb1f6bd727d90e91,0xe97d8c8cc66f2ddcda9fa0c948f9ec948068af4e,FUSD,FUSD,pancakeswap_v2,2026-10-06T03:21:54Z,2026-10-06 03:32:35.881416+00:00,10.698023599999999,1.53959487933582e-10,22089.835572,22086.8041,0.003,0.0,0.0,0.047642278872026364,reject,The creator/owner still holds 100%.,,,,standard,open,1.66949519642336e-10,2026-10-06 03:32:35.881416+00:00,22086.8041,,,,,,,
bsc|0x7a5ae96baff2475b6e45e2801cf19ddd3baa6c29,bsc,0x7a5ae96baff2475b6e45e2801cf19ddd3baa6c29,0xd8f7834443fe1c798d71306fedacf082ff567777,劳司机,劳司机,pancakeswap_v2,2026-10-06T03:27:35Z,2026-10-06 03:32:35.881416+00:00,5.014690266666666,0.000144742136409971,23752.207206,23751.1476,0.003,0.0,0.0,0.04549559829673811,pass,,The sell simulation didn't confirm selling works. | The pool's money isn't (fully) locked: it can be pulled.,Avoid - watch only,0.8691531643082276,standard,open,0.000130796920685615,2026-10-06 03:32:35.881416+00:00,23751.1476,,,,,,,
