ts,style,rank,symbol,score,grade,chance_beats_market,risk_unit,price_at_idea,universe_size,status,outcome,net_ret,hours,baseline_ret,tp_pct,sl_pct,pre_ret,vol_surge,integrity_penalty,failed_checks,cost_rt,pool,first_hour_runup,first_hour_runup_base
2026-10-04 12:00:00+00:00,dex_short,1,robinhood:0x2e8c31162b855a2ffa90f6f8634643ad6f111e18,2.3,Avoid - watch only,0.64578,0.07737,0.114593078830967,60,closed,safety_exit,-0.1036456545813878,2.0,-0.0802144301654615,0.1547476588339558,-0.0773738294169779,-0.1563255668736864,0.5509541394168647,0.05,lp,0.0262718251644099,0xc4a21f9d6485fc5893dd4a491b320a83daf4da1d,0.0526895527042279,0.0064125179368873
2026-10-04 12:00:00+00:00,dex_short,2,robinhood:0x39dbed3a2bd333467115de45665cc57f813c4571,0.7,Avoid - watch only,0.48399,0.03051,0.408658955755193,60,closed,safety_exit,-0.0426270304699477,2.0,-0.066058254873393,0.0610227611952127,-0.0305113805976063,-0.0265059171955248,0.3424211436515419,0.05,lp,0.0121156498723414,0x486435a1f76cd58193f854c6e6213cd05fd58d637865d02065ff558b387fa6ea,0.0104690152393989,0.0064125179368873
2026-10-04 12:00:00+00:00,dex_short,3,ethereum:0x62d0a8458ed7719fdaf978fe5929c6d342b0bfce,0.7,Avoid - watch only,0.47443,0.08678,0.0027545162571757,60,closed,time_limit,-0.0566561668931052,4.0,-0.030164388368077,0.1735650628284721,-0.086782531414236,0.2657375456658721,4.640850488148901,0.15,lp|holders,0.011771371397705,0x180efc1349a69390ade25667487a826164c9c6e4,0.0061446976613321,0.0064125179368873
2026-10-04 12:00:00+00:00,dex_short,4,ethereum:0x6982508145454ce325ddbe47a25d4ec3d2311933,0.2,Avoid - watch only,0.51624,0.02,4.28970302791744e-06,60,closed,time_limit,-0.010997697215851,4.0,-0.0300387631420851,0.04,-0.02,0.0084333387639325,0.2593594884879988,0.15,lp|holders,0.0116457461717131,0xa43fe16908251ee70ef74718545e4fe6c5ccec9f,0.0002520832707726,0.0064125179368873
2026-10-04 12:00:00+00:00,dex_short,5,ethereum:0xe0f63a424a4439cbe457d80e4f4b51ad25b2c56c,0.2,Avoid - watch only,0.48006,0.02,0.442729018215592,60,closed,time_limit,-0.0065896608792333,4.0,-0.0300574314440555,0.04,-0.02,0.0156619297481863,0.9442747064684682,0.1,holders,0.0116644144736835,0x52c77b0cb827afbad022e6d6caf2c44452edbc39,0.001614881610739,0.0064125179368873
2026-10-04 12:00:00+00:00,dex_day,1,robinhood:0x2e8c31162b855a2ffa90f6f8634643ad6f111e18,5.3,Weak,0.61642,0.18953,0.114593078830967,60,open,,,,,0.3790528030334856,-0.1895264015167428,-0.1563255668736864,0.5509541394168647,0.05,lp,0.0262718251644099,0xc4a21f9d6485fc5893dd4a491b320a83daf4da1d,0.0526895527042279,0.0064125179368873
2026-10-04 12:00:00+00:00,dex_day,2,ethereum:0x6982508145454ce325ddbe47a25d4ec3d2311933,1.4,Avoid - watch only,0.5662,0.04,4.28970302791744e-06,60,open,,,,,0.08,-0.0400000000000001,0.0084333387639325,0.2593594884879988,0.15,lp|holders,0.0116457461717131,0xa43fe16908251ee70ef74718545e4fe6c5ccec9f,0.0002520832707726,0.0064125179368873
2026-10-04 12:00:00+00:00,dex_day,3,ethereum:0x56072c95faa701256059aa122697b133aded9279,1.2,Avoid - watch only,0.47861,0.05861,0.0919709120953152,60,open,,,,,0.1172160112768363,-0.0586080056384181,0.0426269615274037,0.7920135979934425,0.15,lp|holders,0.0118686326190994,0x764510ab1d39cf300e7abe8f5b8977d18f290628,0.00683943286763,0.0064125179368873
2026-10-04 12:00:00+00:00,dex_day,4,robinhood:0x39dbed3a2bd333467115de45665cc57f813c4571,1.1,Avoid - watch only,0.34612,0.07474,0.408658955755193,60,closed,safety_exit,-0.0868529636843318,2.0,-0.0868529631832132,0.1494746276239811,-0.0747373138119905,-0.0265059171955248,0.3424211436515419,0.05,lp,0.0121156498723414,0x486435a1f76cd58193f854c6e6213cd05fd58d637865d02065ff558b387fa6ea,0.0104690152393989,0.0064125179368873
2026-10-04 12:00:00+00:00,dex_day,5,ethereum:0xe0f63a424a4439cbe457d80e4f4b51ad25b2c56c,1.0,Avoid - watch only,0.44866,0.04485,0.442729018215592,60,open,,,,,0.089703696864142,-0.044851848432071,0.0156619297481863,0.9442747064684682,0.1,holders,0.0116644144736835,0x52c77b0cb827afbad022e6d6caf2c44452edbc39,0.001614881610739,0.0064125179368873
2026-10-04 14:00:00+00:00,dex_short,1,robinhood:0x2e8c31162b855a2ffa90f6f8634643ad6f111e18,2.5,Avoid - watch only,0.6451,0.08257,0.107334454382352,60,closed,time_limit,0.0144891641479212,4.0,-0.0374855626676281,0.1651465779172103,-0.082573288958605,-0.2505458103723159,0.6458789141366705,0.05,lp,0.0262669146394627,0xc4a21f9d6485fc5893dd4a491b320a83daf4da1d,0.0873702386755497,0.0095403591946727
2026-10-04 14:00:00+00:00,dex_short,2,ethereum:0x62d0a8458ed7719fdaf978fe5929c6d342b0bfce,1.4,Avoid - watch only,0.47916,0.08426,0.0026704822231177,60,closed,time_limit,-0.0369789914381784,4.0,-0.0241912022103628,0.1685199279458946,-0.0842599639729473,0.2367560106257968,4.726467623688525,0.15,lp|holders,0.0129725541821974,0x180efc1349a69390ade25667487a826164c9c6e4,0.0,0.0095403591946727
2026-10-04 14:00:00+00:00,dex_short,3,robinhood:0x39dbed3a2bd333467115de45665cc57f813c4571,0.9,Avoid - watch only,0.49875,0.03341,0.388617508051537,60,closed,time_limit,-0.0210022772576802,4.0,-0.023342248144528,0.0668228095054839,-0.0334114047527419,-0.0720880077597478,0.4469643815203201,0.05,lp,0.0121236001163626,0x486435a1f76cd58193f854c6e6213cd05fd58d637865d02065ff558b387fa6ea,0.0157041734178731,0.0095403591946727
2026-10-04 14:00:00+00:00,dex_short,4,solana:JUPyiwrYJFskUPiHa7hkeR8VUtAeFoSYbKedZNsDvCN,0.2,Avoid - watch only,0.5128,0.02,0.328047794623789,60,closed,safety_exit,-0.0321026703950339,4.0,-0.0233213184231993,0.04,-0.02,0.0007592356682952,0.8403877865982452,0.12,metadata|holders,0.0121026703950339,C1MgLojNLWBKADvu9BHdtgzz1oZX4dZ5zGdGcgvvW8Wz,0.0117969532407566,0.0095403591946727
2026-10-04 14:00:00+00:00,dex_short,5,ethereum:0x6982508145454ce325ddbe47a25d4ec3d2311933,0.1,Avoid - watch only,0.48134,0.02,4.29859170688559e-06,60,closed,time_limit,-0.0133318469105202,4.0,-0.0240617449141125,0.04,-0.02,0.0018036027821235,0.2676255241768405,0.15,lp|holders,0.0128430968859471,0xa43fe16908251ee70ef74718545e4fe6c5ccec9f,0.0043173973605545,0.0095403591946727
2026-10-04 14:00:00+00:00,dex_day,1,robinhood:0x2e8c31162b855a2ffa90f6f8634643ad6f111e18,6.3,Moderate,0.6626,0.20226,0.107334454382352,60,open,,,,,0.4045248486639488,-0.2022624243319744,-0.2505458103723159,0.6458789141366705,0.05,lp,0.0262669146394627,0xc4a21f9d6485fc5893dd4a491b320a83daf4da1d,0.0873702386755497,0.0095403591946727
2026-10-04 14:00:00+00:00,dex_day,2,robinhood:0x39dbed3a2bd333467115de45665cc57f813c4571,1.4,Avoid - watch only,0.3754,0.08184,0.388617508051537,60,open,,,,,0.1636817864676372,-0.0818408932338186,-0.0720880077597478,0.4469643815203201,0.05,lp,0.0121236001163626,0x486435a1f76cd58193f854c6e6213cd05fd58d637865d02065ff558b387fa6ea,0.0157041734178731,0.0095403591946727
2026-10-04 14:00:00+00:00,dex_day,3,ethereum:0x62d0a8458ed7719fdaf978fe5929c6d342b0bfce,1.3,Avoid - watch only,0.38098,0.20639,0.0026704822231177,60,open,,,,,0.4127878349580294,-0.2063939174790147,0.2367560106257968,4.726467623688525,0.15,lp|holders,0.0129725541821974,0x180efc1349a69390ade25667487a826164c9c6e4,0.0,0.0095403591946727
2026-10-04 14:00:00+00:00,dex_day,4,ethereum:0x6982508145454ce325ddbe47a25d4ec3d2311933,1.1,Avoid - watch only,0.55339,0.04,4.29859170688559e-06,60,open,,,,,0.08,-0.0399999999999999,0.0018036027821235,0.2676255241768405,0.15,lp|holders,0.0128430968859471,0xa43fe16908251ee70ef74718545e4fe6c5ccec9f,0.0043173973605545,0.0095403591946727
2026-10-04 14:00:00+00:00,dex_day,5,solana:JUPyiwrYJFskUPiHa7hkeR8VUtAeFoSYbKedZNsDvCN,1.0,Avoid - watch only,0.50185,0.04,0.328047794623789,60,open,,,,,0.08,-0.04,0.0007592356682952,0.8403877865982452,0.12,metadata|holders,0.0121026703950339,C1MgLojNLWBKADvu9BHdtgzz1oZX4dZ5zGdGcgvvW8Wz,0.0117969532407566,0.0095403591946727
2026-10-04 16:00:00+00:00,dex_short,1,ethereum:0x62d0a8458ed7719fdaf978fe5929c6d342b0bfce,1.8,Avoid - watch only,0.52279,0.08133,0.0026308803582836,60,closed,time_limit,-0.028243939765447,4.0,-0.0048905182854328,0.1626622246484799,-0.08133111232424,0.225890130371809,4.774005996423019,0.15,lp|holders,0.0122282806276565,0x180efc1349a69390ade25667487a826164c9c6e4,0.0277908093980023,0.009269728164464
2026-10-04 16:00:00+00:00,dex_short,2,robinhood:0x2e8c31162b855a2ffa90f6f8634643ad6f111e18,1.5,Avoid - watch only,0.55578,0.08152,0.109151752726465,60,closed,take_profit,0.1367515146587787,4.0,-0.0189428486388235,0.1630321256398259,-0.0815160628199128,-0.1379577259133273,0.7022404154700095,0.05,lp,0.0262806109810472,0xc4a21f9d6485fc5893dd4a491b320a83daf4da1d,0.0230863000083003,0.009269728164464
2026-10-04 16:00:00+00:00,dex_short,3,robinhood:0x39dbed3a2bd333467115de45665cc57f813c4571,0.5,Avoid - watch only,0.40353,0.03408,0.396787364914299,60,closed,safety_exit,-0.0461990115698213,2.0,-0.0263940655687315,0.0681571417955813,-0.0340785708977907,-0.0282306434818564,0.4225523037263424,0.05,lp,0.0121204406720306,0x486435a1f76cd58193f854c6e6213cd05fd58d637865d02065ff558b387fa6ea,0.0,0.009269728164464
2026-10-04 16:00:00+00:00,dex_short,4,ethereum:0x6982508145454ce325ddbe47a25d4ec3d2311933,0.2,Avoid - watch only,0.5276,0.02,4.29248296548564e-06,60,closed,time_limit,-0.0121938384143699,4.0,-0.0047614270769826,0.04,-0.0200000000000001,-0.002057287921712,0.1956492525975599,0.15,lp|holders,0.0120991894192063,0xa43fe16908251ee70ef74718545e4fe6c5ccec9f,0.007500732820254,0.009269728164464
2026-10-04 16:00:00+00:00,dex_short,5,ethereum:0xe0f63a424a4439cbe457d80e4f4b51ad25b2c56c,0.2,Avoid - watch only,0.44829,0.02,0.444975758892149,60,closed,safety_exit,-0.0321178375755889,1.0,-0.0263914624722898,0.04,-0.02,0.0174845899976069,0.9231423315212228,0.0,none,0.0121178375755889,0x52c77b0cb827afbad022e6d6caf2c44452edbc39,0.0042996880539658,0.009269728164464
2026-10-04 16:00:00+00:00,dex_day,1,robinhood:0x2e8c31162b855a2ffa90f6f8634643ad6f111e18,4.8,Avoid - watch only,0.58536,0.19967,0.109151752726465,60,open,,,,,0.3993455194988913,-0.1996727597494456,-0.1379577259133273,0.7022404154700095,0.05,lp,0.0262806109810472,0xc4a21f9d6485fc5893dd4a491b320a83daf4da1d,0.0230863000083003,0.009269728164464
2026-10-04 16:00:00+00:00,dex_day,2,ethereum:0xe0f63a424a4439cbe457d80e4f4b51ad25b2c56c,2.3,Avoid - watch only,0.52218,0.04208,0.444975758892149,60,open,,,,,0.0841624071421573,-0.0420812035710786,0.0174845899976069,0.9231423315212228,0.0,none,0.0121178375755889,0x52c77b0cb827afbad022e6d6caf2c44452edbc39,0.0042996880539658,0.009269728164464
2026-10-04 16:00:00+00:00,dex_day,3,ethereum:0x6982508145454ce325ddbe47a25d4ec3d2311933,1.6,Avoid - watch only,0.58882,0.04,4.29248296548564e-06,60,open,,,,,0.08,-0.04,-0.002057287921712,0.1956492525975599,0.15,lp|holders,0.0120991894192063,0xa43fe16908251ee70ef74718545e4fe6c5ccec9f,0.007500732820254,0.009269728164464
2026-10-04 16:00:00+00:00,dex_day,4,ethereum:0x62d0a8458ed7719fdaf978fe5929c6d342b0bfce,1.1,Avoid - watch only,0.3461,0.19922,0.0026308803582836,60,open,,,,,0.3984394508147446,-0.1992197254073723,0.225890130371809,4.774005996423019,0.15,lp|holders,0.0122282806276565,0x180efc1349a69390ade25667487a826164c9c6e4,0.0277908093980023,0.009269728164464
2026-10-04 16:00:00+00:00,dex_day,5,ethereum:0x56072c95faa701256059aa122697b133aded9279,1.1,Avoid - watch only,0.47505,0.05475,0.0923031270503544,60,open,,,,,0.1095050693214321,-0.0547525346607159,0.0446571649081928,0.7488144551660197,0.15,lp|holders,0.0123197861963087,0x764510ab1d39cf300e7abe8f5b8977d18f290628,0.0228917931399257,0.009269728164464
2026-10-04 19:00:00+00:00,dex_short,1,ethereum:0x62d0a8458ed7719fdaf978fe5929c6d342b0bfce,1.9,Avoid - watch only,0.53929,0.07692,0.0025758323057045,79,closed,time_limit,-0.0220227656028797,4.0,0.0126169938008863,0.1538357586310041,-0.076917879315502,0.1948145644560543,4.844195549981225,0.15,lp|holders,0.0124267350775312,0x180efc1349a69390ade25667487a826164c9c6e4,0.0104396862804678,0.006672470824377
2026-10-04 19:00:00+00:00,dex_short,2,robinhood:0x39dbed3a2bd333467115de45665cc57f813c4571,0.5,Avoid - watch only,0.39223,0.03465,0.394730272042629,79,closed,time_limit,-0.0035082257138798,4.0,0.0129199403746289,0.0692905889664734,-0.0346452944832367,-0.0296389230484492,0.4269130741092555,0.05,lp,0.0121237885037886,0x486435a1f76cd58193f854c6e6213cd05fd58d637865d02065ff558b387fa6ea,0.0052499175424178,0.006672470824377
2026-10-04 19:00:00+00:00,dex_short,3,robinhood:0x2e8c31162b855a2ffa90f6f8634643ad6f111e18,0.5,Avoid - watch only,0.38215,0.07987,0.11662405681224,79,closed,time_limit,0.0895358795814513,4.0,-0.0013097354382034,0.1597367502389715,-0.0798683751194857,-0.0792571813586731,0.7777149629340466,0.05,lp,0.026353464316621,0xc4a21f9d6485fc5893dd4a491b320a83daf4da1d,0.0990390119016402,0.006672470824377
2026-10-04 19:00:00+00:00,dex_short,4,ethereum:0x514910771af9ca656af840dff83e8264ecf986ca,0.1,Avoid - watch only,0.5027,0.02,14.2030661964265,79,closed,time_limit,-0.0153993605525953,4.0,0.0127072494424465,0.04,-0.02,0.020380884115537,0.3202003581124324,0.15,lp|holders,0.012336479435971,0xa6cc3c2531fdaa6ae1a3ca84c2855806728693e8,0.0068906294654618,0.006672470824377
2026-10-04 19:00:00+00:00,dex_day,1,robinhood:0x2e8c31162b855a2ffa90f6f8634643ad6f111e18,2.2,Avoid - watch only,0.43662,0.19564,0.11662405681224,79,open,,,,,0.3912735312558792,-0.1956367656279396,-0.0792571813586731,0.7777149629340466,0.05,lp,0.026353464316621,0xc4a21f9d6485fc5893dd4a491b320a83daf4da1d,0.0990390119016402,0.006672470824377
2026-10-04 19:00:00+00:00,dex_day,2,ethereum:0x514910771af9ca656af840dff83e8264ecf986ca,2.1,Avoid - watch only,0.63751,0.04,14.2030661964265,79,open,,,,,0.08,-0.04,0.020380884115537,0.3202003581124324,0.15,lp|holders,0.012336479435971,0xa6cc3c2531fdaa6ae1a3ca84c2855806728693e8,0.0068906294654618,0.006672470824377
2026-10-04 19:00:00+00:00,dex_day,3,robinhood:0x39dbed3a2bd333467115de45665cc57f813c4571,0.7,Avoid - watch only,0.26416,0.08486,0.394730272042629,79,open,,,,,0.1697265869447821,-0.084863293472391,-0.0296389230484492,0.4269130741092555,0.05,lp,0.0121237885037886,0x486435a1f76cd58193f854c6e6213cd05fd58d637865d02065ff558b387fa6ea,0.0052499175424178,0.006672470824377
2026-10-04 19:00:00+00:00,dex_day,4,ethereum:0x62d0a8458ed7719fdaf978fe5929c6d342b0bfce,0.4,Avoid - watch only,0.22195,0.18841,0.0025758323057045,79,open,,,,,0.3768191128399136,-0.1884095564199568,0.1948145644560543,4.844195549981225,0.15,lp|holders,0.0124267350775312,0x180efc1349a69390ade25667487a826164c9c6e4,0.0104396862804678,0.006672470824377
2026-10-04 22:00:00+00:00,dex_short,1,ethereum:0x62d0a8458ed7719fdaf978fe5929c6d342b0bfce,1.3,Avoid - watch only,0.48197,0.07303,0.0025444792134722,79,open,,,,,0.146062090892439,-0.0730310454462195,0.1771797593656989,4.877212173074264,0.15,lp|holders,0.0124622518598845,0x180efc1349a69390ade25667487a826164c9c6e4,0.006210150874762732,0.007084377386945784
2026-10-04 22:00:00+00:00,dex_short,2,robinhood:0x2e8c31162b855a2ffa90f6f8634643ad6f111e18,0.5,Avoid - watch only,0.35657,0.08358,0.125854329773536,79,open,,,,,0.1671618442381177,-0.0835809221190588,-0.0890386899136035,0.9813784048780216,0.05,lp,0.0262217114350283,0xc4a21f9d6485fc5893dd4a491b320a83daf4da1d,0.03922215038276722,0.007084377386945784
2026-10-04 22:00:00+00:00,dex_short,3,robinhood:0x39dbed3a2bd333467115de45665cc57f813c4571,0.4,Avoid - watch only,0.37423,0.03408,0.398855665260966,79,open,,,,,0.0681673409056364,-0.0340836704528182,-0.0282247372721736,0.4113859417374018,0.05,lp,0.0121232474847751,0x486435a1f76cd58193f854c6e6213cd05fd58d637865d02065ff558b387fa6ea,0.00575890632332654,0.007084377386945784
2026-10-04 22:00:00+00:00,dex_short,4,ethereum:0x514910771af9ca656af840dff83e8264ecf986ca,0.2,Avoid - watch only,0.55567,0.02,14.2184415030334,79,open,,,,,0.04,-0.02,0.0267749272845065,0.3687149712926136,0.15,lp|holders,0.0123717866652674,0xa6cc3c2531fdaa6ae1a3ca84c2855806728693e8,0.006996798326207143,0.007084377386945784
2026-10-04 22:00:00+00:00,dex_short,5,ethereum:0x6982508145454ce325ddbe47a25d4ec3d2311933,0.1,Avoid - watch only,0.41556,0.02,4.42395801605703e-06,79,open,,,,,0.04,-0.02,0.0282244011786243,0.29078406408912,0.15,lp|holders,0.0123317012519103,0xa43fe16908251ee70ef74718545e4fe6c5ccec9f,0.00042044749220448985,0.007084377386945784
2026-10-04 22:00:00+00:00,dex_day,1,robinhood:0x2e8c31162b855a2ffa90f6f8634643ad6f111e18,2.4,Avoid - watch only,0.44524,0.20473,0.125854329773536,79,open,,,,,0.4094612228459886,-0.207814302619532,-0.0890386899136035,0.9813784048780216,0.05,lp,0.0262217114350283,0xc4a21f9d6485fc5893dd4a491b320a83daf4da1d,0.03922215038276722,0.007084377386945784
2026-10-04 22:00:00+00:00,dex_day,2,ethereum:0x514910771af9ca656af840dff83e8264ecf986ca,2.1,Avoid - watch only,0.64039,0.04,14.2184415030334,79,open,,,,,0.08,-0.04,0.0267749272845065,0.3687149712926136,0.15,lp|holders,0.0123717866652674,0xa6cc3c2531fdaa6ae1a3ca84c2855806728693e8,0.006996798326207143,0.007084377386945784
2026-10-04 22:00:00+00:00,dex_day,3,ethereum:0x6982508145454ce325ddbe47a25d4ec3d2311933,1.2,Avoid - watch only,0.55553,0.04,4.42395801605703e-06,79,open,,,,,0.08,-0.0399999999999999,0.0282244011786243,0.29078406408912,0.15,lp|holders,0.0123317012519103,0xa43fe16908251ee70ef74718545e4fe6c5ccec9f,0.00042044749220448985,0.007084377386945784
2026-10-04 22:00:00+00:00,dex_day,4,ethereum:0x56072c95faa701256059aa122697b133aded9279,1.2,Avoid - watch only,0.49233,0.05429,0.0962160023257332,79,open,,,,,0.1085835967537827,-0.0542917983768913,0.0637321370345214,0.9488081877456256,0.15,lp|holders,0.0125278739792409,0x764510ab1d39cf300e7abe8f5b8977d18f290628,0.015254043151061936,0.007084377386945784
2026-10-04 22:00:00+00:00,dex_day,5,robinhood:0x39dbed3a2bd333467115de45665cc57f813c4571,1.0,Avoid - watch only,0.32581,0.08349,0.398855665260966,79,open,,,,,0.1669752023411603,-0.0834876011705801,-0.0282247372721736,0.4113859417374018,0.05,lp,0.0121232474847751,0x486435a1f76cd58193f854c6e6213cd05fd58d637865d02065ff558b387fa6ea,0.00575890632332654,0.007084377386945784
2026-10-05 01:00:00+00:00,dex_short,1,ethereum:0x62d0a8458ed7719fdaf978fe5929c6d342b0bfce,1.4,Avoid - watch only,0.49831,0.06942,0.0024811394757157,79,open,,,,,0.1388428444848977,-0.0694214222424488,0.1523406303423602,4.9282639993537645,0.15,lp|holders,0.0119806762142459,0x180efc1349a69390ade25667487a826164c9c6e4,,
2026-10-05 01:00:00+00:00,dex_short,2,robinhood:0x39dbed3a2bd333467115de45665cc57f813c4571,0.6,Avoid - watch only,0.42064,0.03465,0.389808732801171,79,open,,,,,0.0693049026127725,-0.0346524513063862,-0.0571899090953746,0.4282571842611979,0.05,lp,0.0121234598426676,0x486435a1f76cd58193f854c6e6213cd05fd58d637865d02065ff558b387fa6ea,,
2026-10-05 01:00:00+00:00,dex_short,3,robinhood:0x2e8c31162b855a2ffa90f6f8634643ad6f111e18,0.5,Avoid - watch only,0.38479,0.08041,0.125419459720557,79,open,,,,,0.1608176860640058,-0.0804088430320029,-0.0692757874339005,1.0612007043798657,0.05,lp,0.0262381262357234,0xc4a21f9d6485fc5893dd4a491b320a83daf4da1d,,
2026-10-05 01:00:00+00:00,dex_short,4,ethereum:0x56072c95faa701256059aa122697b133aded9279,0.2,Avoid - watch only,0.48911,0.02259,0.0957931424037992,79,open,,,,,0.0451835244574665,-0.0225917622287332,0.0484379722979646,1.0697019134057144,0.15,lp|holders,0.0120497154876578,0x764510ab1d39cf300e7abe8f5b8977d18f290628,,
2026-10-05 01:00:00+00:00,dex_short,5,ethereum:0x514910771af9ca656af840dff83e8264ecf986ca,0.1,Avoid - watch only,0.51005,0.02,14.1595638931753,79,open,,,,,0.04,-0.02,0.0119408421344173,0.3286060980779117,0.15,lp|holders,0.0118886452721211,0xa6cc3c2531fdaa6ae1a3ca84c2855806728693e8,,
2026-10-05 01:00:00+00:00,dex_day,1,robinhood:0x2e8c31162b855a2ffa90f6f8634643ad6f111e18,1.9,Avoid - watch only,0.41315,0.19696,0.125419459720557,79,open,,,,,0.3939212724719074,-0.1969606362359537,-0.0692757874339005,1.0612007043798657,0.05,lp,0.0262381262357234,0xc4a21f9d6485fc5893dd4a491b320a83daf4da1d,,
2026-10-05 01:00:00+00:00,dex_day,2,ethereum:0x514910771af9ca656af840dff83e8264ecf986ca,1.7,Avoid - watch only,0.59804,0.04,14.1595638931753,79,open,,,,,0.08,-0.04,0.0119408421344173,0.3286060980779117,0.15,lp|holders,0.0118886452721211,0xa6cc3c2531fdaa6ae1a3ca84c2855806728693e8,,
2026-10-05 01:00:00+00:00,dex_day,3,ethereum:0x56072c95faa701256059aa122697b133aded9279,1.2,Avoid - watch only,0.48291,0.05534,0.0957931424037992,79,open,,,,,0.1106765797013573,-0.0553382898506786,0.0484379722979646,1.0697019134057144,0.15,lp|holders,0.0120497154876578,0x764510ab1d39cf300e7abe8f5b8977d18f290628,,
2026-10-05 01:00:00+00:00,dex_day,4,robinhood:0x39dbed3a2bd333467115de45665cc57f813c4571,0.8,Avoid - watch only,0.29059,0.08488,0.389808732801171,79,open,,,,,0.1697616480745731,-0.0848808240372865,-0.0571899090953746,0.4282571842611979,0.05,lp,0.0121234598426676,0x486435a1f76cd58193f854c6e6213cd05fd58d637865d02065ff558b387fa6ea,,
2026-10-05 01:00:00+00:00,dex_day,5,ethereum:0x62d0a8458ed7719fdaf978fe5929c6d342b0bfce,0.4,Avoid - watch only,0.20198,0.17005,0.0024811394757157,79,open,,,,,0.3400941234245969,-0.1700470617122984,0.1523406303423602,4.9282639993537645,0.15,lp|holders,0.0119806762142459,0x180efc1349a69390ade25667487a826164c9c6e4,,
