ts,symbol,side,edge_bps,cost_bps,premium_bps,trust,meta_p,p_up,kelly_frac,reason,taken,final_reason,notional,data_quality
2026-10-01 19:30:00+00:00,BTCUSDT,0,-16.050720398650682,11.229478957541662,2.7512850942318066,0.7907582083908782,0.2734084464585993,0.45479034662696943,0.0,meta-label rejects (p=0.27),False,meta-label rejects (p=0.27),0.0,1.0
2026-10-01 19:30:00+00:00,ETHUSDT,0,-7.630626184418864,11.43078363980718,2.9447308717839595,0.7795044857721614,0.38454889180412055,0.478729100324667,0.0,meta-label rejects (p=0.38),False,meta-label rejects (p=0.38),0.0,1.0
2026-10-01 19:45:00+00:00,BTCUSDT,0,-10.925379033154021,11.156341094210337,4.743996480512415,0.6940589729820298,0.33314778033481657,0.47397396396295455,0.0,meta-label rejects (p=0.33),False,meta-label rejects (p=0.33),0.0,1.0
2026-10-01 19:45:00+00:00,ETHUSDT,0,-5.710312035286162,11.341398190354171,3.0412971844160412,0.7740964152333987,0.4045499556803506,0.4291769609431573,0.0,meta-label rejects (p=0.40),False,meta-label rejects (p=0.40),0.0,1.0
2026-10-01 20:15:00+00:00,BTCUSDT,0,-7.889857174811706,11.035759540556862,2.5924842669230364,0.8004702862401795,0.36806305875614986,0.26366345171000216,0.0,meta-label rejects (p=0.37),False,meta-label rejects (p=0.37),0.0,1.0
2026-10-01 20:15:00+00:00,ETHUSDT,0,-7.731172255235026,11.25061436802117,2.929914548608693,0.7803460364227012,0.3722983206678028,0.4692243174164071,0.0,meta-label rejects (p=0.37),False,meta-label rejects (p=0.37),0.0,1.0
2026-10-01 21:15:00+00:00,BTCUSDT,0,-6.968763984215447,10.763406315675883,2.8014649649972014,0.7877816593106759,0.3565070570494625,0.17606090426014132,0.0,meta-label rejects (p=0.36),False,meta-label rejects (p=0.36),0.0,1.0
2026-10-01 21:15:00+00:00,ETHUSDT,0,-4.284837585450992,11.007316030822317,2.7826502925318493,0.7888927824225419,0.40705884234969425,0.4206759700066062,0.0,meta-label rejects (p=0.41),False,meta-label rejects (p=0.41),0.0,1.0
2026-10-01 22:15:00+00:00,BTCUSDT,0,-7.518370189510076,10.71965164526008,2.5206979177281315,0.8050193652097642,0.3306465535856518,0.28066571743920643,0.0,meta-label rejects (p=0.33),False,meta-label rejects (p=0.33),0.0,1.0
2026-10-01 22:15:00+00:00,ETHUSDT,0,-7.687675319669075,11.078307883190371,4.15167512734856,0.7193010898066863,0.3439604280599558,0.31889865525104344,0.0,meta-label rejects (p=0.34),False,meta-label rejects (p=0.34),0.0,1.0
2026-10-01 23:15:00+00:00,BTCUSDT,0,-11.14854103694538,10.69240366979353,3.9849380245736383,0.7268270682985941,0.2315940601774707,0.43036909075296825,0.0,meta-label rejects (p=0.23),False,meta-label rejects (p=0.23),0.0,1.0
2026-10-01 23:15:00+00:00,ETHUSDT,0,-14.189092230328217,11.088571641138099,5.249755333211695,0.6740492624179347,0.18527139494203085,0.33526973037741986,0.0,meta-label rejects (p=0.19),False,meta-label rejects (p=0.19),0.0,1.0
2026-10-02 00:10:00+00:00,BTCUSDT,0,-7.98671624062978,10.61336220734323,2.756560617554672,0.7904432882514454,0.2842007116505961,0.33313244877558257,0.0,meta-label rejects (p=0.28),False,meta-label rejects (p=0.28),0.0,1.0
2026-10-02 00:15:00+00:00,ETHUSDT,0,-11.24210319536018,11.098699057125115,2.1549693515290542,0.8300757998746902,0.21375634041205946,0.24271012557193525,0.0,meta-label rejects (p=0.21),False,meta-label rejects (p=0.21),0.0,1.0
2026-10-02 00:55:00+00:00,BTCUSDT,0,-8.136776879806478,10.593184112254184,2.010657054596031,0.8410458356478171,0.26286632972698704,0.5667945636159433,0.0,meta-label rejects (p=0.26),False,meta-label rejects (p=0.26),0.0,1.0
2026-10-02 01:00:00+00:00,ETHUSDT,0,-11.918809491263284,11.157172103124138,2.3095241229778853,0.8190632622311126,0.187042853777294,0.23686222248991773,0.0,meta-label rejects (p=0.19),False,meta-label rejects (p=0.19),0.0,1.0
2026-10-02 01:15:00+00:00,BTCUSDT,0,-3.6061323093429585,10.583106488006257,1.896533743467848,0.8502891333713675,0.3822020897855273,0.5932024145562016,0.0,meta-label rejects (p=0.38),False,meta-label rejects (p=0.38),0.0,0.9642857142857143
2026-10-02 01:20:00+00:00,ETHUSDT,0,-4.123103203148228,11.150609440924415,3.5587190449964083,0.7470810878464993,0.377598615330951,0.49190738966739184,0.0,no directional conviction,False,no directional conviction,0.0,0.9642857142857143
2026-10-02 02:15:00+00:00,BTCUSDT,0,-4.05847260224585,10.726834236748978,2.21002115770463,0.8260732080942796,0.38349798841203436,0.4519256837012082,0.0,meta-label rejects (p=0.38),False,meta-label rejects (p=0.38),0.0,1.0
2026-10-02 02:15:00+00:00,ETHUSDT,0,-12.713231037039604,11.408234903735568,2.3103142734113518,0.8190086829837304,0.22620376846514204,0.2532844130348377,0.0,meta-label rejects (p=0.23),False,meta-label rejects (p=0.23),0.0,1.0
2026-10-02 03:20:00+00:00,BTCUSDT,0,-4.43229986022826,10.963695269261006,2.2441775523023164,0.8236354944793088,0.39858086875192594,0.4666954417226283,0.0,meta-label rejects (p=0.40),False,meta-label rejects (p=0.40),0.0,1.0
2026-10-02 03:20:00+00:00,ETHUSDT,0,-8.403756779043801,11.521956869481668,2.5548622228350846,0.802841293443893,0.33470821633158515,0.26125867756431487,0.0,meta-label rejects (p=0.33),False,meta-label rejects (p=0.33),0.0,1.0
2026-10-02 04:20:00+00:00,BTCUSDT,0,-8.136677124172083,11.601372118448854,5.844252289664432,0.6519966850134746,0.38805231369781484,0.5075110646995347,0.0,no directional conviction,False,no directional conviction,0.0,1.0
2026-10-02 04:20:00+00:00,ETHUSDT,0,-4.399893044152748,11.74115422897263,5.700731871230421,0.6571905824211351,0.4213938707509338,0.3904609914427833,0.0,meta-label rejects (p=0.42),False,meta-label rejects (p=0.42),0.0,1.0
2026-10-02 05:15:00+00:00,BTCUSDT,0,-13.622789798319594,11.531383350791655,3.322899842711757,0.7590176436587236,0.3219415367500896,0.525389796692905,0.0,meta-label rejects (p=0.32),False,meta-label rejects (p=0.32),0.0,1.0
2026-10-02 05:15:00+00:00,ETHUSDT,0,1.1403100827133594,11.80820736735734,3.5437655106123764,0.7478212186457603,0.5025822793583727,0.26790699320029465,0.007370285703695578,edge 1.1 <= cost 11.8 + premium 3.5 bps,False,edge 1.1 <= cost 11.8 + premium 3.5 bps,0.0,1.0
2026-10-02 06:20:00+00:00,BTCUSDT,0,-29.4842420086476,11.381990768397076,2.4633026451612587,0.8087343048818438,0.1211415505892786,0.7816537253435085,0.0,meta-label rejects (p=0.12),False,meta-label rejects (p=0.12),0.0,1.0
2026-10-02 06:25:00+00:00,ETHUSDT,0,-11.254649017295026,11.736086821539551,4.502026327005769,0.7041103952904999,0.3387146087403153,0.3908764733070817,0.0,meta-label rejects (p=0.34),False,meta-label rejects (p=0.34),0.0,1.0
