id,class,sym,side,t,seen_at,count,entry,stop,target,rr,cost_r,status,r
XRPUSDT|buy|1791151200000,crypto,XRPUSDT,buy,1791151200000,2026-10-05 09:21:35.183640+00:00,3,1.5072999999999999,1.4955407142857142,1.5308185714285711,2.0,0.281995019133817,missed,0.0
DOGEUSDT|buy|1791185400000,crypto,DOGEUSDT,buy,1791185400000,2026-10-05 09:21:35.183640+00:00,5,0.095525,0.09470442857142858,0.0976,2.528725626740981,0.256108112813373,pending,0.0
AVAXUSDT|sell|1791159300000,crypto,AVAXUSDT,sell,1791159300000,2026-10-05 09:21:35.183640+00:00,3,11.086,11.14387142857143,10.965,2.090841767464799,0.421437669711176,missed,0.0
LINKUSDT|buy|1791180000000,crypto,LINKUSDT,buy,1791180000000,2026-10-05 09:21:35.183640+00:00,4,14.12,14.02992857142857,14.326,2.2870737509912797,0.34488183980967313,active,0.04369865186360167
DOTUSDT|buy|1791162000000,crypto,DOTUSDT,buy,1791162000000,2026-10-05 09:21:35.183640+00:00,4,1.2029999999999998,1.1902642857142858,1.239,2.826696578799843,0.20780931015143364,win,2.6188872686484093
NEARUSDT|sell|1791171900000,crypto,NEARUSDT,sell,1791171900000,2026-10-05 09:21:35.183640+00:00,5,4.9055,4.9889,4.732,2.080335731414862,0.12940167865707414,loss,-1.1294016786570742
NEARUSDT|buy|1791176400000,crypto,NEARUSDT,buy,1791176400000,2026-10-05 09:21:35.183640+00:00,5,4.854,4.8068285714285715,5.05,4.1550575408843,0.22638279830405783,missed,0.0
NEARUSDT|buy|1791178200000,crypto,NEARUSDT,buy,1791178200000,2026-10-05 09:21:35.183640+00:00,3,4.915,4.8068285714285715,5.131342857142857,2.0,0.09996170100369783,missed,0.0
NZDUSD|sell|1791158400000,fx,NZDUSD,sell,1791158400000,2026-10-05 09:21:35.183640+00:00,4,0.562097817659378,0.5623245882136482,0.5608525276184082,5.491409786327572,0.2478707253102345,missed,0.0
NZDUSD|sell|1791161100000,fx,NZDUSD,sell,1791161100000,2026-10-05 09:21:35.183640+00:00,4,0.562097817659378,0.5623245882136482,0.5608525276184082,5.491409786327572,0.2478707253102345,missed,0.0
NZDUSD|buy|1791187200000,fx,NZDUSD,buy,1791187200000,2026-10-05 09:21:35.183640+00:00,4,0.5595032274723053,0.5590098589658737,0.5620187520980835,5.098672884437882,0.11340473098274717,pending,0.0
ES|buy|1791180000000,index,ES,buy,1791180000000,2026-10-05 09:21:35.183640+00:00,7,7767.25,7763.851785714286,7774.046428571428,2.0,0.2285685759327605,missed,0.0
YM|buy|1791180000000,index,YM,buy,1791180000000,2026-10-05 09:21:35.183640+00:00,6,51399.5,51377.49285714285,51443.51428571429,2.0,0.23355826030505827,missed,0.0
