ts,style,rank,symbol,score,grade,chance_beats_market,risk_unit,price_at_idea,universe_size,status,outcome,net_ret,hours,baseline_ret,tp_pct,sl_pct,pre_ret,vol_surge,integrity_penalty,failed_checks,cost_rt,pool
2026-10-05 17:45:00+00:00,stk_today,1,AAPL,6.25,Moderate,0.5954,0.00529,332.635009765625,199,open,,,,,0.0105850570817043,-0.005292528540852,-0.0030766993130191,0.7749360914572301,,none,0.0001278,
2026-10-05 17:45:00+00:00,stk_today,2,FICO,6.1,Moderate,0.5656,0.02722,677.844970703125,199,open,,,,,0.0544442720023317,-0.0272221360011657,0.0281950705118898,0.534561260608755,,none,0.0001278,
2026-10-05 17:45:00+00:00,stk_today,3,MCK,6.04,Moderate,0.5854,0.01133,916.094970703125,199,open,,,,,0.0226600054529559,-0.0113300027264778,0.0316270005321115,1.133816081608572,,none,0.0003278,
2026-10-05 17:45:00+00:00,stk_today,4,MRVL,5.87,Moderate,0.5544,0.01362,269.82501220703125,199,open,,,,,0.0272361826716893,-0.0136180913358447,-0.012064404876714,1.005358819183001,,none,0.0001278,
2026-10-05 17:45:00+00:00,stk_today,5,SNOW,5.84,Moderate,0.5573,0.00895,339.3599853515625,199,open,,,,,0.0179064746822772,-0.0089532373411386,0.0020943400136461,0.6439006010724456,,none,0.0001278,
2026-10-05 16:30:00+00:00,stk_days,1,JNJ,8.48,Strong,0.6315,0.01921,254.134994506836,199,open,,,,,0.0384246623000985,-0.0192123311500492,-0.0530653538614247,1.2478302459256252,,none,0.0001278,
2026-10-05 16:30:00+00:00,stk_days,2,NFLX,8.31,Strong,0.618,0.02561,66.85600280761719,199,open,,,,,0.0512109473437047,-0.0256054736718525,-0.0468823227729302,1.041825606826412,,none,0.0001278,
2026-10-05 16:30:00+00:00,stk_days,3,WBD,8.08,Strong,0.6035,0.01915,30.979999542236328,199,open,,,,,0.0383018005914332,-0.0191509002957166,0.0051780002225245,1.2090860252305755,,none,0.0001278,
2026-10-05 16:30:00+00:00,stk_days,4,AAPL,7.85,Strong,0.5884,0.02332,333.5390930175781,199,open,,,,,0.0466462201511568,-0.0270802902517418,-0.0113904870891019,0.7720263784294026,,none,0.0001278,
2026-10-05 16:30:00+00:00,stk_days,5,PFE,7.75,Strong,0.5877,0.02493,27.44499969482422,199,open,,,,,0.0498606514774842,-0.0249303257387421,-0.0471492025922901,1.0156469356092972,,none,0.0003278,
2026-10-05 17:30:00+00:00,stk_days,1,JNJ,8.6,Strong,0.6417,0.01896,253.1649932861328,199,open,,,,,0.0379140589451176,-0.0189570294725588,-0.0536752900914656,1.272045548762791,,none,0.0001278,
2026-10-05 17:30:00+00:00,stk_days,2,PFE,8.23,Strong,0.6173,0.02445,27.381200790405277,199,open,,,,,0.0488989095897447,-0.0244494547948723,-0.0491288654331754,1.0016415161925236,,none,0.0003278,
2026-10-05 17:30:00+00:00,stk_days,3,NFLX,7.74,Strong,0.5823,0.0256,67.13999938964844,199,open,,,,,0.0511904010810622,-0.0255952005405311,-0.044639577186988,1.0401020951530795,,none,0.0001278,
2026-10-05 17:30:00+00:00,stk_days,4,LEN,7.65,Strong,0.5769,0.06383,74.05500030517578,199,open,,,,,0.1276574807916095,-0.0638287403958048,-0.096040283235335,1.6783952340163577,,none,0.0003278,
2026-10-05 17:30:00+00:00,stk_days,5,LLY,7.64,Strong,0.5761,0.02962,1149.594970703125,199,open,,,,,0.0592471091311173,-0.0296235545655586,-0.0248242687589401,0.9710090912974224,,none,0.0001278,
